year,species_code,comp_type,iss_age,sub_samp,region
2017,10110,female,95.08334740574212,a25,goa
2017,10110,male,42.571006400396314,a25,goa
2017,10110,total,129.2917839736342,a25,goa
2017,10130,female,17.997943001266265,a25,goa
2017,10130,male,18.67403763998228,a25,goa
2017,10130,total,35.42153036447914,a25,goa
2017,10180,female,23.420933341727068,a25,goa
2017,10180,male,27.629280388364933,a25,goa
2017,10180,total,50.55178416131289,a25,goa
2017,10200,female,43.44872734519682,a25,goa
2017,10200,male,34.663477074491254,a25,goa
2017,10200,total,72.03852051972527,a25,goa
2017,10261,female,46.849834549198285,a25,goa
2017,10261,male,24.403651510441023,a25,goa
2017,10261,total,66.18415008122365,a25,goa
2017,10262,female,56.01373148783463,a25,goa
2017,10262,male,35.59747020236608,a25,goa
2017,10262,total,86.69085703292076,a25,goa
2017,21720,female,21.56404410882115,a25,goa
2017,21720,male,19.02645848689434,a25,goa
2017,21720,total,35.794439027282316,a25,goa
2017,21740,female,9.78158695770288,a25,goa
2017,21740,male,12.435039535151256,a25,goa
2017,21740,total,12.97185864176337,a25,goa
2017,30060,female,65.53078307688946,a25,goa
2017,30060,male,59.013399930672485,a25,goa
2017,30060,total,116.23132360074194,a25,goa
2017,30420,female,30.50322842027118,a25,goa
2017,30420,male,24.245783918169337,a25,goa
2017,30420,total,52.323598633526274,a25,goa
2019,10110,female,104.5738838373307,a25,goa
2019,10110,male,59.04103582983008,a25,goa
2019,10110,total,155.57230876039864,a25,goa
2019,10130,female,16.280240126229216,a25,goa
2019,10130,male,17.811091401274016,a25,goa
2019,10130,total,31.748877991579164,a25,goa
2019,10180,female,23.284907111748577,a25,goa
2019,10180,male,25.392034660417817,a25,goa
2019,10180,total,48.1067273843076,a25,goa
2019,10200,female,66.0448564002307,a25,goa
2019,10200,male,48.480415647854365,a25,goa
2019,10200,total,113.759274061478,a25,goa
2019,10262,female,75.3047527095593,a25,goa
2019,10262,male,31.470960189861096,a25,goa
2019,10262,total,99.5294584092058,a25,goa
2019,21720,female,21.790652526154815,a25,goa
2019,21720,male,23.596527485622328,a25,goa
2019,21720,total,33.177233256881735,a25,goa
2019,21740,female,57.454028009999405,a25,goa
2019,21740,male,46.34919563002517,a25,goa
2019,21740,total,53.722104935574734,a25,goa
2019,30060,female,90.47953532748818,a25,goa
2019,30060,male,105.63145722546052,a25,goa
2019,30060,total,174.12376218203724,a25,goa
2019,30420,female,27.7486796970274,a25,goa
2019,30420,male,19.135096814765575,a25,goa
2019,30420,total,46.342614886737714,a25,goa
2021,10130,female,17.997649818895386,a25,goa
2021,10130,male,19.162537258769383,a25,goa
2021,10130,total,36.47662819222008,a25,goa
2021,10262,female,89.73098280583595,a25,goa
2021,10262,male,37.71651458000384,a25,goa
2021,10262,total,117.42324581512187,a25,goa
2021,21720,female,36.13127420796559,a25,goa
2021,21720,male,32.61054071225701,a25,goa
2021,21720,total,54.56555865625669,a25,goa
2021,21740,female,63.54438516488542,a25,goa
2021,21740,male,60.79719469519141,a25,goa
2021,21740,total,74.29099472437863,a25,goa
2021,30060,female,70.09055442483213,a25,goa
2021,30060,male,87.07024752892305,a25,goa
2021,30060,total,144.48558731072154,a25,goa
2021,30420,female,35.18912334719018,a25,goa
2021,30420,male,36.95327271652206,a25,goa
2021,30420,total,67.44457765539872,a25,goa
2017,10110,female,204.61800003808833,a50,goa
2017,10110,male,82.03949447584763,a50,goa
2017,10110,total,271.91214798412847,a50,goa
2017,10130,female,39.000687028584075,a50,goa
2017,10130,male,41.3634673501576,a50,goa
2017,10130,total,77.14010365329865,a50,goa
2017,10180,female,43.040420596253874,a50,goa
2017,10180,male,52.33931197882998,a50,goa
2017,10180,total,94.82289354470518,a50,goa
2017,10200,female,86.7562908450951,a50,goa
2017,10200,male,66.74366056842057,a50,goa
2017,10200,total,141.72604631445276,a50,goa
2017,10261,female,79.06326733589619,a50,goa
2017,10261,male,42.447776904481586,a50,goa
2017,10261,total,108.76874118578938,a50,goa
2017,10262,female,98.65442490921907,a50,goa
2017,10262,male,64.80122941636695,a50,goa
2017,10262,total,148.99055602677544,a50,goa
2017,21720,female,38.80389439799552,a50,goa
2017,21720,male,37.027200498838326,a50,goa
2017,21720,total,63.04272891134645,a50,goa
2017,21740,female,11.606114536145393,a50,goa
2017,21740,male,14.930574420713295,a50,goa
2017,21740,total,14.8681417525377,a50,goa
2017,30060,female,117.18548708983272,a50,goa
2017,30060,male,105.29062000777262,a50,goa
2017,30060,total,198.4030613963803,a50,goa
2017,30420,female,56.86057204625855,a50,goa
2017,30420,male,47.84403485843823,a50,goa
2017,30420,total,98.10859506309896,a50,goa
2019,10110,female,204.81192725905635,a50,goa
2019,10110,male,118.93147177669222,a50,goa
2019,10110,total,313.42183060263255,a50,goa
2019,10130,female,33.7940407920746,a50,goa
2019,10130,male,36.651488017757785,a50,goa
2019,10130,total,65.55385733813775,a50,goa
2019,10180,female,43.10713711202624,a50,goa
2019,10180,male,44.60105140956377,a50,goa
2019,10180,total,85.45477629081603,a50,goa
2019,10200,female,130.90320628254352,a50,goa
2019,10200,male,89.89660773756928,a50,goa
2019,10200,total,207.4098295744068,a50,goa
2019,10262,female,137.56260596657302,a50,goa
2019,10262,male,59.672219629734265,a50,goa
2019,10262,total,182.0129524584431,a50,goa
2019,21720,female,32.26540154442733,a50,goa
2019,21720,male,35.18046234625663,a50,goa
2019,21720,total,44.72810349796018,a50,goa
2019,21740,female,82.68339354379074,a50,goa
2019,21740,male,68.27785649904266,a50,goa
2019,21740,total,72.17228648993043,a50,goa
2019,30060,female,154.26569523087002,a50,goa
2019,30060,male,162.86930384284716,a50,goa
2019,30060,total,252.4200049981965,a50,goa
2019,30420,female,46.50145711421623,a50,goa
2019,30420,male,37.42335632480019,a50,goa
2019,30420,total,81.40707138735118,a50,goa
2021,10130,female,40.03734853276041,a50,goa
2021,10130,male,40.47264852400212,a50,goa
2021,10130,total,79.3309032947739,a50,goa
2021,10262,female,163.33358044844417,a50,goa
2021,10262,male,70.65812385707143,a50,goa
2021,10262,total,218.23624367846924,a50,goa
2021,21720,female,62.789903424484,a50,goa
2021,21720,male,59.32798889660706,a50,goa
2021,21720,total,90.47273057599897,a50,goa
2021,21740,female,73.82547836501809,a50,goa
2021,21740,male,71.14985600396855,a50,goa
2021,21740,total,80.116609131629,a50,goa
2021,30060,female,123.16411832500394,a50,goa
2021,30060,male,153.95580865142648,a50,goa
2021,30060,total,247.11192402577964,a50,goa
2021,30420,female,62.09980619955488,a50,goa
2021,30420,male,67.16737265228724,a50,goa
2021,30420,total,121.48545601191854,a50,goa
2017,10110,female,272.3354177082711,a75,goa
2017,10110,male,117.92940682589196,a75,goa
2017,10110,total,377.0098858720435,a75,goa
2017,10130,female,60.05574179796067,a75,goa
2017,10130,male,64.02080597767157,a75,goa
2017,10130,total,117.7502467674123,a75,goa
2017,10180,female,58.50570593841212,a75,goa
2017,10180,male,71.85496459119986,a75,goa
2017,10180,total,126.72971766365106,a75,goa
2017,10200,female,130.7554186052507,a75,goa
2017,10200,male,94.81699520501084,a75,goa
2017,10200,total,203.2662477199511,a75,goa
2017,10261,female,105.605748639792,a75,goa
2017,10261,male,57.44313299376002,a75,goa
2017,10261,total,139.61881372244534,a75,goa
2017,10262,female,132.92113487171707,a75,goa
2017,10262,male,85.11559978214487,a75,goa
2017,10262,total,197.18299398071787,a75,goa
2017,21720,female,51.528513243311735,a75,goa
2017,21720,male,42.82761250124505,a75,goa
2017,21720,total,76.64940475116067,a75,goa
2017,21740,female,11.113111162206426,a75,goa
2017,21740,male,13.879300653702726,a75,goa
2017,21740,total,13.765781970389614,a75,goa
2017,30060,female,144.86184088834554,a75,goa
2017,30060,male,134.80218653323837,a75,goa
2017,30060,total,245.0258589537468,a75,goa
2017,30420,female,77.34211304485842,a75,goa
2017,30420,male,62.571556156224936,a75,goa
2017,30420,total,130.70768899333123,a75,goa
2019,10110,female,309.27051413565675,a75,goa
2019,10110,male,166.73243181461146,a75,goa
2019,10110,total,454.32314399927753,a75,goa
2019,10130,female,52.84846976267322,a75,goa
2019,10130,male,58.18154250023502,a75,goa
2019,10130,total,103.0313054314344,a75,goa
2019,10180,female,54.515674327756024,a75,goa
2019,10180,male,61.120390423195616,a75,goa
2019,10180,total,110.93507200427588,a75,goa
2019,10200,female,164.08724622461514,a75,goa
2019,10200,male,122.2907888152122,a75,goa
2019,10200,total,261.88140991321876,a75,goa
2019,10262,female,189.65456114366503,a75,goa
2019,10262,male,84.7152676548853,a75,goa
2019,10262,total,255.64103470519535,a75,goa
2019,21720,female,43.010590277798705,a75,goa
2019,21720,male,42.95654604908379,a75,goa
2019,21720,total,56.349203906989565,a75,goa
2019,21740,female,97.21401774840344,a75,goa
2019,21740,male,82.25504149806646,a75,goa
2019,21740,total,80.13819347761488,a75,goa
2019,30060,female,188.1532717831732,a75,goa
2019,30060,male,201.8300506153499,a75,goa
2019,30060,total,300.432434852278,a75,goa
2019,30420,female,68.2381720417303,a75,goa
2019,30420,male,49.4396004623714,a75,goa
2019,30420,total,115.72643769038936,a75,goa
2021,10130,female,62.03728493093553,a75,goa
2021,10130,male,62.559985091854074,a75,goa
2021,10130,total,120.7393422704756,a75,goa
2021,10262,female,217.93685499466824,a75,goa
2021,10262,male,89.20148243354967,a75,goa
2021,10262,total,298.14770249233067,a75,goa
2021,21720,female,84.3967780696345,a75,goa
2021,21720,male,83.93830812298137,a75,goa
2021,21720,total,127.75576313236624,a75,goa
2021,21740,female,79.8876509500814,a75,goa
2021,21740,male,73.83599209616797,a75,goa
2021,21740,total,83.33250863480475,a75,goa
2021,30060,female,155.7014965383742,a75,goa
2021,30060,male,201.01608520258264,a75,goa
2021,30060,total,304.56760482392036,a75,goa
2021,30420,female,81.75960262156158,a75,goa
2021,30420,male,86.53162517339352,a75,goa
2021,30420,total,158.50145864322536,a75,goa
2017,10110,female,328.64747562923503,a90,goa
2017,10110,male,140.48491633014467,a90,goa
2017,10110,total,445.2883619774756,a90,goa
2017,10130,female,70.9716825535339,a90,goa
2017,10130,male,79.94605349106514,a90,goa
2017,10130,total,144.7180945185754,a90,goa
2017,10180,female,65.35664541350339,a90,goa
2017,10180,male,80.64329414506552,a90,goa
2017,10180,total,141.1488245820315,a90,goa
2017,10200,female,148.27294999579533,a90,goa
2017,10200,male,106.01652168363336,a90,goa
2017,10200,total,239.2051976146684,a90,goa
2017,10261,female,121.69007461653749,a90,goa
2017,10261,male,64.33206949531274,a90,goa
2017,10261,total,159.6014454278872,a90,goa
2017,10262,female,145.6195168861991,a90,goa
2017,10262,male,95.40622145063776,a90,goa
2017,10262,total,209.2886055513314,a90,goa
2017,21720,female,56.48196437362689,a90,goa
2017,21720,male,50.96760898712862,a90,goa
2017,21720,total,87.72302117021019,a90,goa
2017,21740,female,11.932456241869572,a90,goa
2017,21740,male,14.833740912161156,a90,goa
2017,21740,total,14.909527288542025,a90,goa
2017,30060,female,161.22181142066583,a90,goa
2017,30060,male,143.4711636926382,a90,goa
2017,30060,total,259.5857078381938,a90,goa
2017,30420,female,85.60656551272017,a90,goa
2017,30420,male,71.25105873790696,a90,goa
2017,30420,total,146.7530312212937,a90,goa
2019,10110,female,350.8754336222686,a90,goa
2019,10110,male,199.92633233370077,a90,goa
2019,10110,total,513.6026056072752,a90,goa
2019,10130,female,61.12983512645878,a90,goa
2019,10130,male,68.86043107511179,a90,goa
2019,10130,total,119.0316040683336,a90,goa
2019,10180,female,62.058936573132286,a90,goa
2019,10180,male,66.93917788656206,a90,goa
2019,10180,total,125.077367948163,a90,goa
2019,10200,female,186.46969480067256,a90,goa
2019,10200,male,135.03778278045718,a90,goa
2019,10200,total,286.7713216626269,a90,goa
2019,10262,female,211.4984934831679,a90,goa
2019,10262,male,102.6780605377436,a90,goa
2019,10262,total,296.1904224363033,a90,goa
2019,21720,female,43.149710315532886,a90,goa
2019,21720,male,47.09686795439482,a90,goa
2019,21720,total,57.010575836385875,a90,goa
2019,21740,female,102.32888714438504,a90,goa
2019,21740,male,81.63888194553758,a90,goa
2019,21740,total,81.24317891539023,a90,goa
2019,30060,female,208.62278958509535,a90,goa
2019,30060,male,216.40428485055364,a90,goa
2019,30060,total,326.86348076180997,a90,goa
2019,30420,female,73.52966934967081,a90,goa
2019,30420,male,55.96048047245389,a90,goa
2019,30420,total,125.9801294692762,a90,goa
2021,10130,female,79.80377117389101,a90,goa
2021,10130,male,74.93749240097188,a90,goa
2021,10130,total,150.0107872078393,a90,goa
2021,10262,female,238.1818111125971,a90,goa
2021,10262,male,101.33982681615292,a90,goa
2021,10262,total,318.1553266952127,a90,goa
2021,21720,female,103.86083505091273,a90,goa
2021,21720,male,91.01662971170336,a90,goa
2021,21720,total,146.9698243194903,a90,goa
2021,21740,female,79.94621384694956,a90,goa
2021,21740,male,75.38276561371113,a90,goa
2021,21740,total,83.92921532692094,a90,goa
2021,30060,female,171.35261035845363,a90,goa
2021,30060,male,219.34817609941229,a90,goa
2021,30060,total,325.7169721446939,a90,goa
2021,30420,female,92.32035997290942,a90,goa
2021,30420,male,100.16565388438376,a90,goa
2021,30420,total,182.5694588994113,a90,goa
2017,10110,female,348.3672020151525,base,goa
2017,10110,male,144.77029776672018,base,goa
2017,10110,total,466.6862243403253,base,goa
2017,10130,female,82.09504615179439,base,goa
2017,10130,male,87.11045231608263,base,goa
2017,10130,total,160.62254962719717,base,goa
2017,10180,female,69.30809128760153,base,goa
2017,10180,male,84.79977155762452,base,goa
2017,10180,total,149.1361841835055,base,goa
2017,10200,female,151.9303387892093,base,goa
2017,10200,male,113.7034494945918,base,goa
2017,10200,total,239.2189702760714,base,goa
2017,10261,female,124.05981148516268,base,goa
2017,10261,male,65.22957564222686,base,goa
2017,10261,total,152.24650850133372,base,goa
2017,10262,female,157.58751457109713,base,goa
2017,10262,male,99.07625394870544,base,goa
2017,10262,total,224.69190107503667,base,goa
2017,21720,female,63.59673351842138,base,goa
2017,21720,male,58.5134641865082,base,goa
2017,21720,total,98.24405363859708,base,goa
2017,21740,female,10.95798169676912,base,goa
2017,21740,male,13.731897756143573,base,goa
2017,21740,total,13.70790856172573,base,goa
2017,30060,female,169.745708026687,base,goa
2017,30060,male,156.25515090495287,base,goa
2017,30060,total,279.8189038100881,base,goa
2017,30420,female,89.0753379977607,base,goa
2017,30420,male,74.86809997178733,base,goa
2017,30420,total,156.01627736476846,base,goa
2019,10110,female,375.36647606131567,base,goa
2019,10110,male,211.34372898673257,base,goa
2019,10110,total,550.4008931908755,base,goa
2019,10130,female,68.97147321198388,base,goa
2019,10130,male,75.98499061506276,base,goa
2019,10130,total,136.54303375166597,base,goa
2019,10180,female,65.38914006176462,base,goa
2019,10180,male,70.25092972693025,base,goa
2019,10180,total,134.2802339233505,base,goa
2019,10200,female,205.82706283505473,base,goa
2019,10200,male,138.37379187908326,base,goa
2019,10200,total,305.1665052758598,base,goa
2019,10262,female,220.9545208801267,base,goa
2019,10262,male,103.82627695570872,base,goa
2019,10262,total,305.28906142454844,base,goa
2019,21720,female,46.6165034247401,base,goa
2019,21720,male,48.19915861370053,base,goa
2019,21720,total,60.22279925257266,base,goa
2019,21740,female,95.07494013535292,base,goa
2019,21740,male,78.57004747224188,base,goa
2019,21740,total,80.04183235407447,base,goa
2019,30060,female,217.45253959026695,base,goa
2019,30060,male,226.75612132921967,base,goa
2019,30060,total,340.55118835785106,base,goa
2019,30420,female,81.99213880466036,base,goa
2019,30420,male,60.72158521824747,base,goa
2019,30420,total,139.02803933143244,base,goa
2021,10130,female,90.50175106832572,base,goa
2021,10130,male,84.19305986094659,base,goa
2021,10130,total,172.83174010477364,base,goa
2021,10262,female,279.64793806679495,base,goa
2021,10262,male,106.75898463772508,base,goa
2021,10262,total,368.99419391655493,base,goa
2021,21720,female,104.61736297344524,base,goa
2021,21720,male,101.19406552065443,base,goa
2021,21720,total,152.5792615523781,base,goa
2021,21740,female,81.68516759004505,base,goa
2021,21740,male,76.81518169943078,base,goa
2021,21740,total,85.15594192309906,base,goa
2021,30060,female,184.35836920217164,base,goa
2021,30060,male,231.1896396919366,base,goa
2021,30060,total,348.6947154110268,base,goa
2021,30420,female,99.48441665388404,base,goa
2021,30420,male,105.05254956913828,base,goa
2021,30420,total,190.53536049660497,base,goa
2014,10110,female,25.51768337955935,a25,ai
2014,10110,male,16.43140429630238,a25,ai
2014,10110,total,41.27366491809295,a25,ai
2014,21720,female,34.93674667669595,a25,ai
2014,21720,male,39.58673346704722,a25,ai
2014,21720,total,62.43742088111454,a25,ai
2014,21740,female,6.755572655868624,a25,ai
2014,21740,male,6.423047415782564,a25,ai
2014,21740,total,7.307552306978168,a25,ai
2014,21921,female,23.044784677684373,a25,ai
2014,21921,male,22.36275917211112,a25,ai
2014,21921,total,38.84830539576173,a25,ai
2014,30060,female,61.37737185230902,a25,ai
2014,30060,male,50.21418668112191,a25,ai
2014,30060,total,96.75413372517046,a25,ai
2014,30420,female,27.742136612553416,a25,ai
2014,30420,male,24.00749316216732,a25,ai
2014,30420,total,50.43349369551904,a25,ai
2016,10110,female,45.18742664113231,a25,ai
2016,10110,male,18.989187235857948,a25,ai
2016,10110,total,55.431377355414384,a25,ai
2016,21720,female,35.836889773684,a25,ai
2016,21720,male,39.34722349908506,a25,ai
2016,21720,total,58.416072548913505,a25,ai
2016,21740,female,33.381579911560536,a25,ai
2016,21740,male,14.665268053847509,a25,ai
2016,21740,total,28.59232779622672,a25,ai
2016,21921,female,13.059992941825085,a25,ai
2016,21921,male,13.175928798359047,a25,ai
2016,21921,total,21.51190079908061,a25,ai
2016,30060,female,67.49811006909621,a25,ai
2016,30060,male,92.52337952896136,a25,ai
2016,30060,total,158.22395858115132,a25,ai
2016,30420,female,50.36156455842346,a25,ai
2016,30420,male,24.1782900320829,a25,ai
2016,30420,total,75.12890038189782,a25,ai
2018,10110,female,46.69337902119003,a25,ai
2018,10110,male,31.673498003729996,a25,ai
2018,10110,total,69.76307780618063,a25,ai
2018,21720,female,37.31378238097294,a25,ai
2018,21720,male,28.87612739316642,a25,ai
2018,21720,total,49.7555658513489,a25,ai
2018,21740,female,55.17099347338333,a25,ai
2018,21740,male,27.136410545713986,a25,ai
2018,21740,total,54.558323209368375,a25,ai
2018,21921,female,48.06457056575464,a25,ai
2018,21921,male,54.82292631033288,a25,ai
2018,21921,total,80.20468840362625,a25,ai
2018,30060,female,52.92765400374376,a25,ai
2018,30060,male,81.60967338380502,a25,ai
2018,30060,total,135.24972232696484,a25,ai
2018,30420,female,55.44337438771296,a25,ai
2018,30420,male,29.689079687661092,a25,ai
2018,30420,total,84.74734505709058,a25,ai
2014,10110,female,47.04639894432599,a50,ai
2014,10110,male,28.674510975409063,a50,ai
2014,10110,total,73.37905921618785,a50,ai
2014,21720,female,60.96772303667989,a50,ai
2014,21720,male,66.80828394271549,a50,ai
2014,21720,total,98.45893179719909,a50,ai
2014,21740,female,8.81408636242986,a50,ai
2014,21740,male,8.815415858409235,a50,ai
2014,21740,total,9.38205624022684,a50,ai
2014,21921,female,39.50558292397872,a50,ai
2014,21921,male,36.41076837136512,a50,ai
2014,21921,total,59.319576832938395,a50,ai
2014,30060,female,99.31764230094484,a50,ai
2014,30060,male,90.11145759110308,a50,ai
2014,30060,total,159.69441682933942,a50,ai
2014,30420,female,51.20607236140129,a50,ai
2014,30420,male,45.04224130841459,a50,ai
2014,30420,total,90.70430654556078,a50,ai
2016,10110,female,81.07498044454327,a50,ai
2016,10110,male,32.15672196958694,a50,ai
2016,10110,total,87.85645589500747,a50,ai
2016,21720,female,62.406104493142664,a50,ai
2016,21720,male,68.55029514903572,a50,ai
2016,21720,total,97.2155639632702,a50,ai
2016,21740,female,42.88103469988491,a50,ai
2016,21740,male,16.94828116540875,a50,ai
2016,21740,total,30.50252459565731,a50,ai
2016,21921,female,20.33304500614452,a50,ai
2016,21921,male,23.59450766892929,a50,ai
2016,21921,total,33.86797399671678,a50,ai
2016,30060,female,130.46371088854326,a50,ai
2016,30060,male,165.17057204080209,a50,ai
2016,30060,total,284.95612291315905,a50,ai
2016,30420,female,91.7999147660172,a50,ai
2016,30420,male,42.475063850613815,a50,ai
2016,30420,total,131.60575141975215,a50,ai
2018,10110,female,84.24977282953398,a50,ai
2018,10110,male,55.56499597335122,a50,ai
2018,10110,total,120.4805495459371,a50,ai
2018,21720,female,73.92446531308698,a50,ai
2018,21720,male,68.85263830778803,a50,ai
2018,21720,total,110.4016453991884,a50,ai
2018,21740,female,81.54218087318235,a50,ai
2018,21740,male,40.65151982635787,a50,ai
2018,21740,total,76.22124578127453,a50,ai
2018,21921,female,67.46982379347831,a50,ai
2018,21921,male,73.40283545464392,a50,ai
2018,21921,total,99.01541077635,a50,ai
2018,30060,female,102.17466847043472,a50,ai
2018,30060,male,148.36534207249397,a50,ai
2018,30060,total,244.42642661966053,a50,ai
2018,30420,female,94.31504376707932,a50,ai
2018,30420,male,53.59562413726485,a50,ai
2018,30420,total,147.62336669053687,a50,ai
2014,10110,female,61.271518073676255,a75,ai
2014,10110,male,38.60122381632009,a75,ai
2014,10110,total,96.60050718944892,a75,ai
2014,21720,female,81.46342029114633,a75,ai
2014,21720,male,94.8685034040891,a75,ai
2014,21720,total,137.2757614163593,a75,ai
2014,21740,female,8.082353776417479,a75,ai
2014,21740,male,8.022498746335431,a75,ai
2014,21740,total,8.424234659548079,a75,ai
2014,21921,female,50.54942951776098,a75,ai
2014,21921,male,42.46499625045261,a75,ai
2014,21921,total,71.24879704018534,a75,ai
2014,30060,female,126.86886969483518,a75,ai
2014,30060,male,120.28082693772332,a75,ai
2014,30060,total,205.5308910902731,a75,ai
2014,30420,female,66.99391527582294,a75,ai
2014,30420,male,60.363054551584874,a75,ai
2014,30420,total,119.08314634670936,a75,ai
2016,10110,female,116.8810643572822,a75,ai
2016,10110,male,43.417227434956025,a75,ai
2016,10110,total,113.6945313991762,a75,ai
2016,21720,female,78.93996227487703,a75,ai
2016,21720,male,90.51487204480316,a75,ai
2016,21720,total,123.6982621975684,a75,ai
2016,21740,female,44.13553750835677,a75,ai
2016,21740,male,17.20007331821868,a75,ai
2016,21740,total,30.20448891880313,a75,ai
2016,21921,female,21.526497981258593,a75,ai
2016,21921,male,27.96959202830424,a75,ai
2016,21921,total,34.83149991966034,a75,ai
2016,30060,female,168.85770498790043,a75,ai
2016,30060,male,217.68030968748084,a75,ai
2016,30060,total,362.9073553800397,a75,ai
2016,30420,female,121.31764003285134,a75,ai
2016,30420,male,56.57227802022456,a75,ai
2016,30420,total,173.94921683434472,a75,ai
2018,10110,female,114.1844419030176,a75,ai
2018,10110,male,76.51153582769486,a75,ai
2018,10110,total,169.42381376990704,a75,ai
2018,21720,female,103.79381290233836,a75,ai
2018,21720,male,92.8530100332503,a75,ai
2018,21720,total,156.77273855552204,a75,ai
2018,21740,female,102.66222946004324,a75,ai
2018,21740,male,55.63494188270643,a75,ai
2018,21740,total,98.19830903745748,a75,ai
2018,21921,female,79.14719978994485,a75,ai
2018,21921,male,86.93624022983991,a75,ai
2018,21921,total,115.95280787760169,a75,ai
2018,30060,female,138.42169802790457,a75,ai
2018,30060,male,192.275979533412,a75,ai
2018,30060,total,311.3360315339964,a75,ai
2018,30420,female,122.1914162704968,a75,ai
2018,30420,male,71.99319086485883,a75,ai
2018,30420,total,195.66762739940768,a75,ai
2014,10110,female,68.394834924521,a90,ai
2014,10110,male,42.501956747705734,a90,ai
2014,10110,total,110.38558891980672,a90,ai
2014,21720,female,91.52711619520096,a90,ai
2014,21720,male,103.26506847574596,a90,ai
2014,21720,total,150.38306998629326,a90,ai
2014,21740,female,8.642285660353048,a90,ai
2014,21740,male,8.68567634852948,a90,ai
2014,21740,total,9.01592401754213,a90,ai
2014,21921,female,50.08394405401344,a90,ai
2014,21921,male,44.40238407421681,a90,ai
2014,21921,total,69.15574368580994,a90,ai
2014,30060,female,134.00720668871895,a90,ai
2014,30060,male,131.39327437095125,a90,ai
2014,30060,total,215.0950988820659,a90,ai
2014,30420,female,77.12391658062371,a90,ai
2014,30420,male,68.37269975580325,a90,ai
2014,30420,total,131.6448907294514,a90,ai
2016,10110,female,127.74593417227736,a90,ai
2016,10110,male,47.713741042005545,a90,ai
2016,10110,total,123.90807011898109,a90,ai
2016,21720,female,98.34281081032128,a90,ai
2016,21720,male,104.94575216730355,a90,ai
2016,21720,total,145.8255307801807,a90,ai
2016,21740,female,47.768707489163354,a90,ai
2016,21740,male,17.842380886249003,a90,ai
2016,21740,total,31.720882984238077,a90,ai
2016,21921,female,23.58467988216414,a90,ai
2016,21921,male,32.21617600641337,a90,ai
2016,21921,total,37.64355212434582,a90,ai
2016,30060,female,193.3028672243989,a90,ai
2016,30060,male,242.24734395597565,a90,ai
2016,30060,total,402.6778340053452,a90,ai
2016,30420,female,139.04786148023754,a90,ai
2016,30420,male,62.27503867369547,a90,ai
2016,30420,total,192.3466467803526,a90,ai
2018,10110,female,120.79761646501876,a90,ai
2018,10110,male,85.59891266973354,a90,ai
2018,10110,total,176.47387227402382,a90,ai
2018,21720,female,115.7934240717546,a90,ai
2018,21720,male,105.16050602212862,a90,ai
2018,21720,total,169.38550825290565,a90,ai
2018,21740,female,101.56248535213606,a90,ai
2018,21740,male,53.455862732356145,a90,ai
2018,21740,total,93.3952861957815,a90,ai
2018,21921,female,81.34218346792852,a90,ai
2018,21921,male,88.22397560487684,a90,ai
2018,21921,total,114.44536331904534,a90,ai
2018,30060,female,157.68701350827646,a90,ai
2018,30060,male,215.76698730136388,a90,ai
2018,30060,total,361.8762855984142,a90,ai
2018,30420,female,143.99955686599944,a90,ai
2018,30420,male,79.84297019117564,a90,ai
2018,30420,total,225.47249225229208,a90,ai
2014,10110,female,75.82509359642741,base,ai
2014,10110,male,44.52503616738519,base,ai
2014,10110,total,116.0231908837264,base,ai
2014,21720,female,98.92430612523324,base,ai
2014,21720,male,111.70166835753407,base,ai
2014,21720,total,164.3530672914146,base,ai
2014,21740,female,8.200167295056866,base,ai
2014,21740,male,8.48158450866048,base,ai
2014,21740,total,8.631340192447032,base,ai
2014,21921,female,55.2038673854414,base,ai
2014,21921,male,47.36414946598415,base,ai
2014,21921,total,74.47278904610089,base,ai
2014,30060,female,140.89565037611743,base,ai
2014,30060,male,138.15425114708228,base,ai
2014,30060,total,224.17501753975353,base,ai
2014,30420,female,79.7584892493372,base,ai
2014,30420,male,71.7388248118749,base,ai
2014,30420,total,138.7960460276593,base,ai
2016,10110,female,133.095217934621,base,ai
2016,10110,male,50.07229448236447,base,ai
2016,10110,total,128.04154170162806,base,ai
2016,21720,female,99.31552673932426,base,ai
2016,21720,male,107.50399598830198,base,ai
2016,21720,total,147.3470326509528,base,ai
2016,21740,female,51.01110334951596,base,ai
2016,21740,male,18.646031459843098,base,ai
2016,21740,total,33.37016676975626,base,ai
2016,21921,female,23.05894823832213,base,ai
2016,21921,male,32.08707099789112,base,ai
2016,21921,total,37.84972668856144,base,ai
2016,30060,female,198.4256063694686,base,ai
2016,30060,male,265.4507400907722,base,ai
2016,30060,total,432.9964199552642,base,ai
2016,30420,female,148.53034232737892,base,ai
2016,30420,male,67.93113963945054,base,ai
2016,30420,total,210.51161204385176,base,ai
2018,10110,female,130.54806933266488,base,ai
2018,10110,male,95.97151971784632,base,ai
2018,10110,total,192.1303986249706,base,ai
2018,21720,female,131.26032822401916,base,ai
2018,21720,male,120.82850948301596,base,ai
2018,21720,total,192.1061687988191,base,ai
2018,21740,female,102.73873689692682,base,ai
2018,21740,male,56.671831025484614,base,ai
2018,21740,total,93.75763916244904,base,ai
2018,21921,female,91.06386311152508,base,ai
2018,21921,male,95.59877066234148,base,ai
2018,21921,total,128.0975452426321,base,ai
2018,30060,female,161.6369129079761,base,ai
2018,30060,male,227.34819218728583,base,ai
2018,30060,total,374.6142352184812,base,ai
2018,30420,female,150.7720461855688,base,ai
2018,30420,male,86.39242433556016,base,ai
2018,30420,total,237.0738729082473,base,ai
2018,10110,female,97.05576676721802,a25,bs
2018,10110,male,18.75436909131671,a25,bs
2018,10110,total,86.26480354127467,a25,bs
2018,10112,female,43.08305896831405,a25,bs
2018,10112,male,34.175165995291735,a25,bs
2018,10112,total,74.69645919574107,a25,bs
2018,10115,female,13.101908903400108,a25,bs
2018,10115,male,6.836495324379944,a25,bs
2018,10115,total,21.681878696197938,a25,bs
2018,10130,female,57.55067114162558,a25,bs
2018,10130,male,62.2448431698952,a25,bs
2018,10130,total,108.27908813395209,a25,bs
2018,10210,female,63.28232462614216,a25,bs
2018,10210,male,42.6020905721175,a25,bs
2018,10210,total,101.11094097950586,a25,bs
2018,10261,female,40.32901922248028,a25,bs
2018,10261,male,30.31755618633769,a25,bs
2018,10261,total,75.42295619155614,a25,bs
2018,10285,female,32.65416931103096,a25,bs
2018,10285,male,18.36751082240633,a25,bs
2018,10285,total,46.430074966387345,a25,bs
2018,21720,female,77.52287908398318,a25,bs
2018,21720,male,79.22521810301453,a25,bs
2018,21720,total,106.77007797615344,a25,bs
2018,21740,female,70.30883346297915,a25,bs
2018,21740,male,78.87036787524251,a25,bs
2018,21740,total,118.86560049686712,a25,bs
2019,10110,female,77.79912526057288,a25,bs
2019,10110,male,31.40670462574206,a25,bs
2019,10110,total,100.65891598370705,a25,bs
2019,10112,female,34.70990111264225,a25,bs
2019,10112,male,28.191611344786644,a25,bs
2019,10112,total,61.91969760425835,a25,bs
2019,10115,female,7.088298024224056,a25,bs
2019,10115,total,9.446971315443472,a25,bs
2019,10130,female,56.346415081898854,a25,bs
2019,10130,male,57.86600761816378,a25,bs
2019,10130,total,97.33087463998532,a25,bs
2019,10210,female,70.54303122682349,a25,bs
2019,10210,male,47.59047248062735,a25,bs
2019,10210,total,112.69951356219272,a25,bs
2019,10261,female,38.50424263344509,a25,bs
2019,10261,male,33.26886263960229,a25,bs
2019,10261,total,72.46726048847951,a25,bs
2019,10285,female,40.44671854035005,a25,bs
2019,10285,male,19.24379156692881,a25,bs
2019,10285,total,52.75007926249303,a25,bs
2019,21720,female,79.49744530539681,a25,bs
2019,21720,male,85.84330277233495,a25,bs
2019,21720,total,101.7183747343413,a25,bs
2019,21740,female,95.98531911271078,a25,bs
2019,21740,male,91.95363570331948,a25,bs
2019,21740,total,155.00213538533836,a25,bs
2021,10110,female,48.00726499707719,a25,bs
2021,10110,male,14.764161175515063,a25,bs
2021,10110,total,44.24395465937012,a25,bs
2021,10112,female,38.87853196247779,a25,bs
2021,10112,male,31.713833275079033,a25,bs
2021,10112,total,65.89942711870147,a25,bs
2021,10115,female,7.687141095079692,a25,bs
2021,10115,total,8.933045829734121,a25,bs
2021,10130,female,66.43106747683858,a25,bs
2021,10130,male,54.95035807398218,a25,bs
2021,10130,total,95.8563621526526,a25,bs
2021,10210,female,47.2049581990764,a25,bs
2021,10210,male,45.99664722808545,a25,bs
2021,10210,total,83.13970769582306,a25,bs
2021,10261,female,48.57998426773516,a25,bs
2021,10261,male,48.759947818490566,a25,bs
2021,10261,total,92.9540939596786,a25,bs
2021,21720,female,65.19968650254361,a25,bs
2021,21720,male,68.03260328044017,a25,bs
2021,21720,total,89.16724033860368,a25,bs
2021,21740,female,65.30738294331333,a25,bs
2021,21740,male,71.35205421323529,a25,bs
2021,21740,total,110.16153405770656,a25,bs
2022,21740,female,97.22108997916315,a25,bs
2022,21740,male,98.58531511315977,a25,bs
2022,21740,total,180.12709733419345,a25,bs
2018,10110,female,199.3782981684952,a50,bs
2018,10110,male,42.79320124799743,a50,bs
2018,10110,total,190.64481810604445,a50,bs
2018,10112,female,77.0832560032916,a50,bs
2018,10112,male,63.99782984437396,a50,bs
2018,10112,total,129.08325735716593,a50,bs
2018,10115,female,21.853604534785532,a50,bs
2018,10115,male,13.858001248845854,a50,bs
2018,10115,total,37.64293325897035,a50,bs
2018,10130,female,107.68070255072551,a50,bs
2018,10130,male,121.32928838737185,a50,bs
2018,10130,total,212.8102263864831,a50,bs
2018,10210,female,122.6083999736568,a50,bs
2018,10210,male,80.55057909373028,a50,bs
2018,10210,total,197.07745015701357,a50,bs
2018,10261,female,76.15718953868999,a50,bs
2018,10261,male,57.30610555772774,a50,bs
2018,10261,total,135.91126303181244,a50,bs
2018,10285,female,59.035559781174975,a50,bs
2018,10285,male,33.426325329444026,a50,bs
2018,10285,total,82.50661904849638,a50,bs
2018,21720,female,156.8254847728259,a50,bs
2018,21720,male,144.84530488337188,a50,bs
2018,21720,total,204.33155830209185,a50,bs
2018,21740,female,124.14216725089022,a50,bs
2018,21740,male,138.78403999908147,a50,bs
2018,21740,total,194.38066921311125,a50,bs
2019,10110,female,153.31206841611117,a50,bs
2019,10110,male,62.2239523143746,a50,bs
2019,10110,total,202.49794911625528,a50,bs
2019,10112,female,61.781350957979235,a50,bs
2019,10112,male,52.42723440421484,a50,bs
2019,10112,total,112.84279472226,a50,bs
2019,10115,female,15.33384110098434,a50,bs
2019,10115,total,19.72972648928644,a50,bs
2019,10130,female,102.6993171027304,a50,bs
2019,10130,male,111.990709078861,a50,bs
2019,10130,total,181.3251781329675,a50,bs
2019,10210,female,132.1639777081918,a50,bs
2019,10210,male,85.31848637539639,a50,bs
2019,10210,total,196.6104707819004,a50,bs
2019,10261,female,69.46237487601277,a50,bs
2019,10261,male,62.94795993691492,a50,bs
2019,10261,total,131.74247498604836,a50,bs
2019,10285,female,74.80037420933621,a50,bs
2019,10285,male,39.373205426567736,a50,bs
2019,10285,total,99.0157102170421,a50,bs
2019,21720,female,178.62975861394642,a50,bs
2019,21720,male,178.064431383418,a50,bs
2019,21720,total,211.01545649331368,a50,bs
2019,21740,female,184.30804905250025,a50,bs
2019,21740,male,192.32087593225927,a50,bs
2019,21740,total,280.77359469098695,a50,bs
2021,10110,female,106.93028870454086,a50,bs
2021,10110,male,31.050553492399228,a50,bs
2021,10110,total,100.09866025712412,a50,bs
2021,10112,female,64.31239617427482,a50,bs
2021,10112,male,56.29705480877314,a50,bs
2021,10112,total,106.10428925685964,a50,bs
2021,10115,female,15.860122839076444,a50,bs
2021,10115,total,18.782543571140035,a50,bs
2021,10130,female,123.23277458008776,a50,bs
2021,10130,male,109.20512353040564,a50,bs
2021,10130,total,183.1558470003388,a50,bs
2021,10210,female,87.11405725396558,a50,bs
2021,10210,male,81.73726601033121,a50,bs
2021,10210,total,153.35512603634368,a50,bs
2021,10261,female,79.60155389141735,a50,bs
2021,10261,male,89.32348834433571,a50,bs
2021,10261,total,168.9455255335821,a50,bs
2021,21720,female,155.42932793652977,a50,bs
2021,21720,male,159.4527198023878,a50,bs
2021,21720,total,217.3706938246933,a50,bs
2021,21740,female,135.35308958680545,a50,bs
2021,21740,male,148.2559586223398,a50,bs
2021,21740,total,229.6452588443123,a50,bs
2022,21740,female,175.18668053190194,a50,bs
2022,21740,male,169.30733836465356,a50,bs
2022,21740,total,291.9457706582856,a50,bs
2018,10110,female,289.78679634949697,a75,bs
2018,10110,male,67.36300608796657,a75,bs
2018,10110,total,299.4113659047757,a75,bs
2018,10112,female,99.66984615113302,a75,bs
2018,10112,male,83.1344451796409,a75,bs
2018,10112,total,170.79268586111894,a75,bs
2018,10115,female,31.810182252503513,a75,bs
2018,10115,male,17.406808917901216,a75,bs
2018,10115,total,52.897395685542634,a75,bs
2018,10130,female,147.59821839663786,a75,bs
2018,10130,male,177.445845300728,a75,bs
2018,10130,total,305.4531310119818,a75,bs
2018,10210,female,163.2310231315486,a75,bs
2018,10210,male,110.36409917796256,a75,bs
2018,10210,total,258.56296808451765,a75,bs
2018,10261,female,107.0699763452173,a75,bs
2018,10261,male,78.3923087312421,a75,bs
2018,10261,total,173.69209947743946,a75,bs
2018,10285,female,83.59567735083564,a75,bs
2018,10285,male,45.829180273066946,a75,bs
2018,10285,total,113.0035301785615,a75,bs
2018,21720,female,224.32343249196327,a75,bs
2018,21720,male,206.09322345288993,a75,bs
2018,21720,total,285.6812260046236,a75,bs
2018,21740,female,165.79474490118656,a75,bs
2018,21740,male,174.6392652635998,a75,bs
2018,21740,total,242.3454803433299,a75,bs
2019,10110,female,199.6470696980487,a75,bs
2019,10110,male,90.64901919633844,a75,bs
2019,10110,total,264.4726181383159,a75,bs
2019,10112,female,91.5713557854501,a75,bs
2019,10112,male,70.43582970347292,a75,bs
2019,10112,total,156.3552615752574,a75,bs
2019,10115,female,21.705423831490567,a75,bs
2019,10115,total,28.27675371311864,a75,bs
2019,10130,female,143.71590284517106,a75,bs
2019,10130,male,148.1685674208138,a75,bs
2019,10130,total,251.5086027054593,a75,bs
2019,10210,female,176.8597045465026,a75,bs
2019,10210,male,118.6468216784969,a75,bs
2019,10210,total,265.16846577406614,a75,bs
2019,10261,female,94.24286841096288,a75,bs
2019,10261,male,79.2732028831946,a75,bs
2019,10261,total,169.67760637558902,a75,bs
2019,10285,female,103.44705216904092,a75,bs
2019,10285,male,52.47126731275109,a75,bs
2019,10285,total,131.34804619646135,a75,bs
2019,21720,female,217.44821681822825,a75,bs
2019,21720,male,215.9115891222484,a75,bs
2019,21720,total,253.08477959778585,a75,bs
2019,21740,female,263.643146414666,a75,bs
2019,21740,male,280.64467059328587,a75,bs
2019,21740,total,379.0645386822435,a75,bs
2021,10110,female,167.7603427951723,a75,bs
2021,10110,male,46.384762242959425,a75,bs
2021,10110,total,163.6927192531925,a75,bs
2021,10112,female,84.963469039292,a75,bs
2021,10112,male,67.91207323888028,a75,bs
2021,10112,total,139.28319612567705,a75,bs
2021,10115,female,23.245203467098023,a75,bs
2021,10115,total,26.840182915693852,a75,bs
2021,10130,female,172.57296802012877,a75,bs
2021,10130,male,149.27968278623732,a75,bs
2021,10130,total,255.82654676112907,a75,bs
2021,10210,female,110.46532014523538,a75,bs
2021,10210,male,104.98232184185716,a75,bs
2021,10210,total,190.09160448632403,a75,bs
2021,10261,female,109.20154940050472,a75,bs
2021,10261,male,123.0200576399302,a75,bs
2021,10261,total,235.55114350117375,a75,bs
2021,21720,female,244.90743424853792,a75,bs
2021,21720,male,237.26500390943377,a75,bs
2021,21720,total,336.4518607573733,a75,bs
2021,21740,female,190.3694698572519,a75,bs
2021,21740,male,197.5336408431587,a75,bs
2021,21740,total,310.3919466920753,a75,bs
2022,21740,female,235.77625387943388,a75,bs
2022,21740,male,230.70470248444963,a75,bs
2022,21740,total,372.7289290737606,a75,bs
2018,10110,female,310.8833155928787,a90,bs
2018,10110,male,81.2557212454464,a90,bs
2018,10110,total,323.29475753369974,a90,bs
2018,10112,female,120.3163875668164,a90,bs
2018,10112,male,98.25652477241648,a90,bs
2018,10112,total,202.178768074494,a90,bs
2018,10115,female,36.591051604997816,a90,bs
2018,10115,male,20.28129028540291,a90,bs
2018,10115,total,60.40323754305788,a90,bs
2018,10130,female,167.10643788934576,a90,bs
2018,10130,male,193.97567428247353,a90,bs
2018,10130,total,346.4049492169734,a90,bs
2018,10210,female,188.89513504620012,a90,bs
2018,10210,male,127.1223064529988,a90,bs
2018,10210,total,299.71027528934525,a90,bs
2018,10261,female,121.57983458138088,a90,bs
2018,10261,male,91.0053403759107,a90,bs
2018,10261,total,203.5275257238121,a90,bs
2018,10285,female,93.69689892662667,a90,bs
2018,10285,male,51.43037953693239,a90,bs
2018,10285,total,124.572569288348,a90,bs
2018,21720,female,248.66277179387873,a90,bs
2018,21720,male,233.4804608991631,a90,bs
2018,21720,total,327.6185704091097,a90,bs
2018,21740,female,177.33459810963382,a90,bs
2018,21740,male,207.1688802969779,a90,bs
2018,21740,total,252.80727815730816,a90,bs
2019,10110,female,232.23548129979176,a90,bs
2019,10110,male,122.2899598226202,a90,bs
2019,10110,total,322.08460630881433,a90,bs
2019,10112,female,95.24051808457364,a90,bs
2019,10112,male,78.59732837589404,a90,bs
2019,10112,total,167.877119564591,a90,bs
2019,10115,female,26.232734325589504,a90,bs
2019,10115,male,6.973975932224517,a90,bs
2019,10115,total,33.71191222580703,a90,bs
2019,10130,female,164.83405512678397,a90,bs
2019,10130,male,164.8474237383191,a90,bs
2019,10130,total,285.42916075203493,a90,bs
2019,10210,female,193.11010378039475,a90,bs
2019,10210,male,135.32672514279872,a90,bs
2019,10210,total,298.3304949986439,a90,bs
2019,10261,female,101.49068980449944,a90,bs
2019,10261,male,81.12658788410455,a90,bs
2019,10261,total,176.36186856854704,a90,bs
2019,10285,female,116.81871383264466,a90,bs
2019,10285,male,60.69623513171064,a90,bs
2019,10285,total,151.1975334051363,a90,bs
2019,21720,female,227.60523259516285,a90,bs
2019,21720,male,233.70523135982904,a90,bs
2019,21720,total,267.6297094984278,a90,bs
2019,21740,female,310.3193288635292,a90,bs
2019,21740,male,295.6893927682025,a90,bs
2019,21740,total,402.5884738857987,a90,bs
2021,10110,female,200.2719969139537,a90,bs
2021,10110,male,59.42331580020975,a90,bs
2021,10110,total,209.09388150718553,a90,bs
2021,10112,female,91.056521532264,a90,bs
2021,10112,male,81.18746876284276,a90,bs
2021,10112,total,151.57919804853935,a90,bs
2021,10115,female,25.76530435082843,a90,bs
2021,10115,total,30.03688833080793,a90,bs
2021,10130,female,200.39805995936132,a90,bs
2021,10130,male,168.03297274924464,a90,bs
2021,10130,total,286.1674176684251,a90,bs
2021,10210,female,136.4060131603245,a90,bs
2021,10210,male,113.34598487281995,a90,bs
2021,10210,total,222.81442562741876,a90,bs
2021,10261,female,131.0379332749634,a90,bs
2021,10261,male,136.899272030882,a90,bs
2021,10261,total,262.6317490751816,a90,bs
2021,21720,female,265.3753482781319,a90,bs
2021,21720,male,246.0715226413517,a90,bs
2021,21720,total,346.3804967725326,a90,bs
2021,21740,female,207.03570065966056,a90,bs
2021,21740,male,222.45899238204876,a90,bs
2021,21740,total,342.807242687021,a90,bs
2022,21740,female,273.938065321467,a90,bs
2022,21740,male,264.62122320682425,a90,bs
2022,21740,total,431.3302595864807,a90,bs
2018,10110,female,343.7462151942715,base,bs
2018,10110,male,88.9502935875255,base,bs
2018,10110,total,361.7570564980107,base,bs
2018,10112,female,119.8533264472001,base,bs
2018,10112,male,104.76764870877372,base,bs
2018,10112,total,202.12279572468984,base,bs
2018,10115,female,36.834407153761006,base,bs
2018,10115,male,22.807013671695167,base,bs
2018,10115,total,61.897097145350976,base,bs
2018,10130,female,183.28051205754645,base,bs
2018,10130,male,207.4128535763085,base,bs
2018,10130,total,376.4645816490498,base,bs
2018,10210,female,192.3612089878827,base,bs
2018,10210,male,132.81343967147183,base,bs
2018,10210,total,314.1817606683152,base,bs
2018,10261,female,128.20533228805388,base,bs
2018,10261,male,90.10467353659548,base,bs
2018,10261,total,204.48288586070143,base,bs
2018,10285,female,98.1534837457356,base,bs
2018,10285,male,54.61124981666634,base,bs
2018,10285,total,132.55333142022815,base,bs
2018,21720,female,265.2884513510187,base,bs
2018,21720,male,245.48622665101948,base,bs
2018,21720,total,346.2486420527869,base,bs
2018,21740,female,180.01242262447025,base,bs
2018,21740,male,215.49971437328765,base,bs
2018,21740,total,259.79037379677857,base,bs
2019,10110,female,246.27946703362375,base,bs
2019,10110,male,112.95656665161503,base,bs
2019,10110,total,338.9019545190659,base,bs
2019,10112,female,109.983411550664,base,bs
2019,10112,male,85.33979546041071,base,bs
2019,10112,total,193.92609328427125,base,bs
2019,10115,female,27.991868122114152,base,bs
2019,10115,male,7.269938699786907,base,bs
2019,10115,total,35.77078364957499,base,bs
2019,10130,female,175.31663714101828,base,bs
2019,10130,male,178.69151901366484,base,bs
2019,10130,total,310.585282203636,base,bs
2019,10210,female,196.0369910730629,base,bs
2019,10210,male,139.68038415187908,base,bs
2019,10210,total,297.70338518856187,base,bs
2019,10261,female,112.82731665827396,base,bs
2019,10261,male,103.97885626557463,base,bs
2019,10261,total,214.5577681808867,base,bs
2019,10285,female,123.0784786298186,base,bs
2019,10285,male,63.92862471574961,base,bs
2019,10285,total,155.8723185178872,base,bs
2019,21720,female,242.37005668899045,base,bs
2019,21720,male,266.5028109868892,base,bs
2019,21720,total,294.64061977353305,base,bs
2019,21740,female,334.1001846578146,base,bs
2019,21740,male,338.71648357552124,base,bs
2019,21740,total,416.4288084022066,base,bs
2021,10110,female,216.50469137140385,base,bs
2021,10110,male,66.14771790336133,base,bs
2021,10110,total,224.20933392836403,base,bs
2021,10112,female,109.6451007802544,base,bs
2021,10112,male,86.89837697630443,base,bs
2021,10112,total,175.9211980592841,base,bs
2021,10115,female,28.678310846046855,base,bs
2021,10115,total,32.97811545376905,base,bs
2021,10130,female,213.14619041647023,base,bs
2021,10130,male,179.8699543811776,base,bs
2021,10130,total,303.3390791657969,base,bs
2021,10210,female,133.7081104808285,base,bs
2021,10210,male,121.4211889771348,base,bs
2021,10210,total,228.04502645558813,base,bs
2021,10261,female,136.661060781323,base,bs
2021,10261,male,140.22567518136103,base,bs
2021,10261,total,267.9038218158674,base,bs
2021,21720,female,278.7094505564463,base,bs
2021,21720,male,262.31801266741246,base,bs
2021,21720,total,361.517654734679,base,bs
2021,21740,female,226.46343929049803,base,bs
2021,21740,male,238.7673865195287,base,bs
2021,21740,total,371.4832472640401,base,bs
2022,21740,female,270.50938210824785,base,bs
2022,21740,male,267.9375240338917,base,bs
2022,21740,total,440.94913008383656,base,bs
