year,species_code,comp_type,iss_age,base_iss_length,sub_iss_length,sub_samp,region,bin
2017,10110,female,363.2475646630297,2121.9866627348506,1532.3620312902724,t50,goa,2cm
2017,10110,male,163.0281585805985,1039.6379225427047,757.9826822786871,t50,goa,2cm
2017,10110,total,501.02788829491607,2694.930152882219,2056.5765903392867,t50,goa,2cm
2017,10130,female,87.06564698241449,1036.9446585302494,671.3553966213568,t50,goa,2cm
2017,10130,male,83.66630045056637,728.9452972887339,514.6386243200991,t50,goa,2cm
2017,10130,total,163.90855459827014,1295.9832644057842,947.6388774522824,t50,goa,2cm
2017,10200,female,166.34335102567684,709.6760324790442,613.3360640605146,t50,goa,2cm
2017,10200,male,124.62514662454552,256.4198128511092,232.0237996816697,t50,goa,2cm
2017,10200,total,263.3702215024617,651.5625278191341,588.2053806218053,t50,goa,2cm
2017,10261,female,136.81660707310678,509.98096326793774,408.97630838884066,t50,goa,2cm
2017,10261,male,69.24167531582208,306.6482968628743,243.8865255053388,t50,goa,2cm
2017,10261,total,170.90031876611394,671.4148012175955,558.5654673587792,t50,goa,2cm
2017,21720,female,79.20276392579815,376.2380138231268,361.0990039813622,t50,goa,2cm
2017,21720,male,68.63802636546296,317.4177655334337,302.03214587836385,t50,goa,2cm
2017,21720,total,111.821554893173,515.9638349806039,499.4621272773735,t50,goa,2cm
2017,21740,female,13.783059499090228,40.2392529344867,37.21540499176618,t50,goa,2cm
2017,21740,male,16.346609468611465,39.24553262084829,36.0399010326038,t50,goa,2cm
2017,21740,total,16.766621789424438,47.621836161314214,45.857978157419005,t50,goa,2cm
2017,30060,female,180.3669576525444,199.57108480824553,163.0728480552271,t50,goa,2cm
2017,30060,male,159.54398905697738,147.94750113337068,126.85404950628096,t50,goa,2cm
2017,30060,total,292.2296919767621,231.89358514910967,206.99759495067337,t50,goa,2cm
2017,30420,female,106.03077402121164,50.35699085100103,43.38902792051899,t50,goa,2cm
2017,30420,male,84.61399314452187,120.61243782928412,74.64904318672839,t50,goa,2cm
2017,30420,total,175.76978917411634,103.8482900563518,84.67043213319386,t50,goa,2cm
2019,10110,female,397.1327898671188,3151.667833658116,2225.759817116608,t50,goa,2cm
2019,10110,male,235.75891336560147,1861.474439826104,1269.4074087667543,t50,goa,2cm
2019,10110,total,588.8962127335409,3837.985199822134,2895.720909209457,t50,goa,2cm
2019,10130,female,71.07370630595767,703.4264188511754,559.0611986894504,t50,goa,2cm
2019,10130,male,83.62066666135061,457.9857057623641,390.16713532623817,t50,goa,2cm
2019,10130,total,143.5284087960081,771.5476828140454,670.255125350108,t50,goa,2cm
2019,10200,female,197.1178767516136,851.2684249047867,725.5094437195954,t50,goa,2cm
2019,10200,male,153.31454588311414,501.91244452664824,444.1715851200385,t50,goa,2cm
2019,10200,total,327.56060339516614,997.3232008025724,897.2902962959819,t50,goa,2cm
2019,21720,female,50.863653636573595,170.31019329865765,136.6665683079805,t50,goa,2cm
2019,21720,male,60.09363918143959,175.84208917947237,137.045317831924,t50,goa,2cm
2019,21720,total,67.91140675394067,208.11483598885047,179.34671072970562,t50,goa,2cm
2019,21740,female,105.26922228107657,246.55745185427497,215.6767420044139,t50,goa,2cm
2019,21740,male,88.38398041130624,165.35069392094496,142.42289394680148,t50,goa,2cm
2019,21740,total,87.73074291064333,186.9310442715346,176.57181675158537,t50,goa,2cm
2019,30060,female,217.91025848853187,396.32449606992833,324.49281058093675,t50,goa,2cm
2019,30060,male,221.28788225316913,281.1514366066987,241.02538392514575,t50,goa,2cm
2019,30060,total,327.06474243115446,385.6231998980477,349.63649656963383,t50,goa,2cm
2019,30420,female,98.06241116971904,79.2057493090501,65.99321006942054,t50,goa,2cm
2019,30420,male,72.5986412196761,160.35684186240047,91.36225750771216,t50,goa,2cm
2019,30420,total,168.97812792771143,165.1393748255885,131.2438735099462,t50,goa,2cm
2021,10130,female,133.12265644483514,982.21533629323,681.5447101619128,t50,goa,2cm
2021,10130,male,94.64059373337996,823.1975830192881,601.650333861193,t50,goa,2cm
2021,10130,total,212.89261089857987,1367.9779841425034,1051.3635934022875,t50,goa,2cm
2021,21720,female,140.9178041778042,603.1188278383524,567.1740544792524,t50,goa,2cm
2021,21720,male,110.68937657208724,530.6412345742643,502.36174171703584,t50,goa,2cm
2021,21720,total,191.81589577012633,849.6131611617883,815.687023412694,t50,goa,2cm
2021,21740,female,86.71486351245449,238.99603696878305,206.84154535872747,t50,goa,2cm
2021,21740,male,83.1965680802103,218.37861703014573,191.0908801765182,t50,goa,2cm
2021,21740,total,91.41902816892475,253.76722296987015,235.56519019420804,t50,goa,2cm
2021,30060,female,195.77161646391696,198.34145818132697,161.6004404098824,t50,goa,2cm
2021,30060,male,250.05582565661135,192.67526090798603,159.24080618991488,t50,goa,2cm
2021,30060,total,373.99001349278734,237.79015406377167,210.862557680162,t50,goa,2cm
2021,30420,female,106.60824872318116,87.8056174505339,62.34067443439754,t50,goa,2cm
2021,30420,male,115.749279042987,195.21090468638153,121.85553280609028,t50,goa,2cm
2021,30420,total,209.83472169346987,194.8179942691428,144.23155288065865,t50,goa,2cm
2017,10110,female,366.87058963323375,2007.0268128722048,1865.197112787686,t100,goa,2cm
2017,10110,male,158.56345695700827,1091.4950428712484,1004.632629473516,t100,goa,2cm
2017,10110,total,498.1273380510568,2674.27220814813,2511.5168726868633,t100,goa,2cm
2017,10130,female,86.19973308908826,1079.6092404590793,969.2944536137668,t100,goa,2cm
2017,10130,male,80.74425215748073,747.6743746597667,668.1466635121637,t100,goa,2cm
2017,10130,total,157.88498359878224,1365.325928339039,1246.8248314195653,t100,goa,2cm
2017,10200,female,167.34602990734712,734.8334585264577,726.7704742211296,t100,goa,2cm
2017,10200,male,128.4488502260009,270.6856181663367,268.73515363409166,t100,goa,2cm
2017,10200,total,271.5546332788907,698.1859633727299,691.5996290033172,t100,goa,2cm
2017,10261,female,136.52983139752067,497.1872426728469,478.94815375293337,t100,goa,2cm
2017,10261,male,76.57987514495179,282.7448334571172,269.5585183904778,t100,goa,2cm
2017,10261,total,183.01563384094356,643.7663837393544,620.8027906171575,t100,goa,2cm
2017,21720,female,80.94247667185935,369.5082503200447,369.5082503200447,t100,goa,2cm
2017,21720,male,67.44285108114907,325.0483733281268,325.0483733281268,t100,goa,2cm
2017,21720,total,116.01637815780924,519.4001687764123,519.4001687764123,t100,goa,2cm
2017,21740,female,14.115939027094472,42.60262081160445,41.76167178988275,t100,goa,2cm
2017,21740,male,16.878539592285577,42.26949616040497,41.49955036808495,t100,goa,2cm
2017,21740,total,17.300835584839856,50.76576700768692,50.31516105220062,t100,goa,2cm
2017,30060,female,173.38083354379552,195.56459593444632,185.2391304132736,t100,goa,2cm
2017,30060,male,160.4509804758714,162.68414202992224,154.49662437624056,t100,goa,2cm
2017,30060,total,285.3027403956637,240.0864678090555,231.5160300222282,t100,goa,2cm
2017,30420,female,100.14751571583574,47.30805607834449,45.25822239412384,t100,goa,2cm
2017,30420,male,81.39534910878719,107.75723532748864,92.53090840283356,t100,goa,2cm
2017,30420,total,168.4705349595305,97.90869149873616,92.54560450612526,t100,goa,2cm
2019,10110,female,384.547452117392,3043.7235178100136,2781.653426348576,t100,goa,2cm
2019,10110,male,239.4918448596948,1823.1050272906236,1629.711757670066,t100,goa,2cm
2019,10110,total,576.476491100611,3663.30912301855,3411.140156640988,t100,goa,2cm
2019,10130,female,69.77920016872679,677.6449830894683,659.5903030243722,t100,goa,2cm
2019,10130,male,81.21082975460494,435.742450070762,428.6982285045956,t100,goa,2cm
2019,10130,total,142.00858672981346,741.4890324799311,730.3836825257235,t100,goa,2cm
2019,10200,female,193.88126093893447,820.150200892743,799.7964150635145,t100,goa,2cm
2019,10200,male,150.65580960187992,492.3799754830512,487.9943648855861,t100,goa,2cm
2019,10200,total,317.72370891066515,977.7244690967748,968.6050423165736,t100,goa,2cm
2019,21720,female,52.11287130997042,165.556224544114,155.41755889418835,t100,goa,2cm
2019,21720,male,56.047890178180424,173.3846357133105,163.98687680672927,t100,goa,2cm
2019,21720,total,66.70030996540801,203.26986105172597,197.05055875815376,t100,goa,2cm
2019,21740,female,103.40520234046949,246.97014792444452,231.5795033792161,t100,goa,2cm
2019,21740,male,89.60361156258644,166.09666423372963,159.10089156144136,t100,goa,2cm
2019,21740,total,86.9488435171877,183.39260064287043,178.54520317016338,t100,goa,2cm
2019,30060,female,217.7582177556973,395.788393591535,372.0013453811979,t100,goa,2cm
2019,30060,male,224.80627894692464,295.6244258025581,279.51488954132986,t100,goa,2cm
2019,30060,total,328.0177435339096,395.9439356975401,381.868202514726,t100,goa,2cm
2019,30420,female,105.02353330752574,81.29110668656695,74.78344088486482,t100,goa,2cm
2019,30420,male,73.80917673006485,159.36945846322362,134.53758646940753,t100,goa,2cm
2019,30420,total,179.01533466908396,168.61158371319846,152.8524563673207,t100,goa,2cm
2021,10130,female,125.53715041463096,1021.6323942333148,937.3133976201136,t100,goa,2cm
2021,10130,male,97.87609837309864,859.3699100967741,791.1299917285481,t100,goa,2cm
2021,10130,total,210.71753212342256,1426.6077223595294,1344.1718760244414,t100,goa,2cm
2021,21720,female,144.9715033144896,609.7102754929737,607.6465243242017,t100,goa,2cm
2021,21720,male,112.34037276719717,538.9150048221039,537.0434302405587,t100,goa,2cm
2021,21720,total,195.73439682392527,875.5281384430672,873.2450136876407,t100,goa,2cm
2021,21740,female,90.14211394344856,242.44207110633573,230.97304027924568,t100,goa,2cm
2021,21740,male,84.02286027946563,214.44888253075183,202.01921360380865,t100,goa,2cm
2021,21740,total,93.78160687888273,256.54506998589824,249.5994998403907,t100,goa,2cm
2021,30060,female,189.39734408732957,180.660309928651,168.26406964649075,t100,goa,2cm
2021,30060,male,239.8429203247876,169.95290699820225,162.1243958147113,t100,goa,2cm
2021,30060,total,357.1133472181636,213.83618005727809,205.485449597888,t100,goa,2cm
2021,30420,female,109.798123983135,96.66368067752369,86.74132988242108,t100,goa,2cm
2021,30420,male,118.8513624315834,213.33060246421505,180.67699849494988,t100,goa,2cm
2021,30420,total,214.0051033623311,205.2915463379414,185.89879037700055,t100,goa,2cm
2017,10110,female,369.514649315979,2091.019850058138,2058.0850030005763,t150,goa,2cm
2017,10110,male,161.99958059462023,1077.8279917541147,1050.4440573689803,t150,goa,2cm
2017,10110,total,515.4943781016864,2721.7931681731784,2673.5497088204374,t150,goa,2cm
2017,10130,female,87.433230052739,1038.918058037539,1019.01514135841,t150,goa,2cm
2017,10130,male,84.59951543116652,680.2321482988962,675.1830961608528,t150,goa,2cm
2017,10130,total,167.1292770643952,1238.310213563664,1229.05705541969,t150,goa,2cm
2017,10200,female,167.32439254527785,701.9125868763109,701.3274685060322,t150,goa,2cm
2017,10200,male,124.31985033525127,280.7461636613867,280.58867186613753,t150,goa,2cm
2017,10200,total,272.48257446790757,710.683888054097,710.6916360806515,t150,goa,2cm
2017,10261,female,133.99414082420992,519.9183509839486,516.3739039909537,t150,goa,2cm
2017,10261,male,75.5169827313364,295.7468036892635,293.95274380083805,t150,goa,2cm
2017,10261,total,174.56039902703793,683.9100499652264,678.4652593607119,t150,goa,2cm
2017,21720,female,74.95637188312662,366.035938926684,366.035938926684,t150,goa,2cm
2017,21720,male,63.898675820792235,312.1397366234614,312.1397366234614,t150,goa,2cm
2017,21720,total,105.86539126779176,495.9576167443682,495.9576167443682,t150,goa,2cm
2017,21740,female,13.966312687996917,40.60362425467662,40.331574745319415,t150,goa,2cm
2017,21740,male,16.758588316467865,39.50414908396717,39.348818234884085,t150,goa,2cm
2017,21740,total,16.91905515250268,47.93088384008651,47.77880568527154,t150,goa,2cm
2017,30060,female,174.9857827071372,190.4871377318945,189.0443915549099,t150,goa,2cm
2017,30060,male,160.1011067206484,147.61683902947644,145.71301589520954,t150,goa,2cm
2017,30060,total,285.18274029779764,224.7251709863679,223.2617424943072,t150,goa,2cm
2017,30420,female,101.78103113136352,55.87157778052506,55.356056621903825,t150,goa,2cm
2017,30420,male,81.9773957759614,117.5036060604317,116.62329216978723,t150,goa,2cm
2017,30420,total,169.2503539623955,107.62729258394349,106.78116864905265,t150,goa,2cm
2019,10110,female,375.4324031941963,3167.05046686321,3087.0668185333607,t150,goa,2cm
2019,10110,male,244.54598802917835,1911.4626768714784,1850.1858917379468,t150,goa,2cm
2019,10110,total,558.0420203256829,3881.020457569764,3794.2595392833423,t150,goa,2cm
2019,10130,female,70.09478938975312,677.6474406792619,674.7348563853697,t150,goa,2cm
2019,10130,male,84.59967587421959,451.06468128683906,450.1638530275018,t150,goa,2cm
2019,10130,total,143.96205021618863,754.5764294141534,753.2167969830159,t150,goa,2cm
2019,10200,female,196.74528655102995,852.0805022461585,847.7038319300483,t150,goa,2cm
2019,10200,male,152.57778050879634,502.2236331069092,501.8715410842285,t150,goa,2cm
2019,10200,total,324.1733840901827,996.0225155011088,994.454412460934,t150,goa,2cm
2019,21720,female,53.87224175888798,170.58322815992747,168.90401980593325,t150,goa,2cm
2019,21720,male,57.95181025367235,173.015776174346,171.54965434605464,t150,goa,2cm
2019,21720,total,67.25769872387201,207.6253938651644,206.59285028035305,t150,goa,2cm
2019,21740,female,104.81303569388471,243.69559396168367,239.69737334993152,t150,goa,2cm
2019,21740,male,86.44479028198931,158.63232181668,156.50682044620297,t150,goa,2cm
2019,21740,total,83.04636034846669,176.63731888011682,175.82340347260785,t150,goa,2cm
2019,30060,female,230.89017177952024,421.4987251763715,417.497128986136,t150,goa,2cm
2019,30060,male,238.6046822566867,303.9551266789612,301.67670078955166,t150,goa,2cm
2019,30060,total,353.8695322135392,419.0897397897946,416.8387518873734,t150,goa,2cm
2019,30420,female,103.2947421782928,75.66507744119801,75.48461498145554,t150,goa,2cm
2019,30420,male,72.35069823865825,161.50890550682303,159.460005037411,t150,goa,2cm
2019,30420,total,173.6772935374095,161.71487337430636,160.812366434003,t150,goa,2cm
2021,10130,female,122.6383082256463,1002.725372336335,983.240492857356,t150,goa,2cm
2021,10130,male,93.9482288334136,874.7425198409335,860.186204910905,t150,goa,2cm
2021,10130,total,205.47096810513915,1449.224519054841,1431.6167641133932,t150,goa,2cm
2021,21720,female,141.20011945599492,625.6668703641243,625.5159225409677,t150,goa,2cm
2021,21720,male,105.23868441087048,542.5020089025388,542.1369890948141,t150,goa,2cm
2021,21720,total,188.6384492878952,883.8248542410681,883.7134930041865,t150,goa,2cm
2021,21740,female,86.65390313445751,241.05810577368084,236.37202965187765,t150,goa,2cm
2021,21740,male,78.92638530499283,210.58322301023057,207.489690333264,t150,goa,2cm
2021,21740,total,88.55285811962831,254.1173637322807,252.4422244176845,t150,goa,2cm
2021,30060,female,188.23481050166723,194.13149054512553,193.47921576287112,t150,goa,2cm
2021,30060,male,241.26667675670836,180.51930691643793,180.4133648463174,t150,goa,2cm
2021,30060,total,351.2220102121536,228.6598396991845,228.9375361938245,t150,goa,2cm
2021,30420,female,107.93281160782814,94.87934641418516,93.02380210819436,t150,goa,2cm
2021,30420,male,114.11068407697071,208.1469186666484,199.74534080440657,t150,goa,2cm
2021,30420,total,206.31061561855427,206.86205085895315,201.692515111136,t150,goa,2cm
2017,10110,female,367.722145604444,2108.460725788677,2100.0849241528936,t200,goa,2cm
2017,10110,male,167.40469005524417,1035.6401013280029,1032.5665519280858,t200,goa,2cm
2017,10110,total,494.3188657463259,2596.3880303599763,2590.061764882053,t200,goa,2cm
2017,10130,female,89.36190065256724,1087.1763084383506,1086.3947408618017,t200,goa,2cm
2017,10130,male,83.21028040355523,730.5098103135747,729.8232192020594,t200,goa,2cm
2017,10130,total,164.68043910943285,1330.0893686829486,1330.5493822758308,t200,goa,2cm
2017,10200,female,165.8071799326268,728.0838660410947,728.0838660410947,t200,goa,2cm
2017,10200,male,123.5993299403058,274.24905198653005,274.24905198653005,t200,goa,2cm
2017,10200,total,264.5928267864614,694.2382838484227,694.2382838484227,t200,goa,2cm
2017,10261,female,131.73154783715884,507.5857847914239,507.00958983209335,t200,goa,2cm
2017,10261,male,74.46098152254098,296.3007930332176,296.2257485275598,t200,goa,2cm
2017,10261,total,168.75680785523295,666.7124376766276,665.9883486086069,t200,goa,2cm
2017,21720,female,77.56385439503235,384.1577706238598,384.1577706238598,t200,goa,2cm
2017,21720,male,67.92996546727112,321.8773682692552,321.8773682692552,t200,goa,2cm
2017,21720,total,112.80073133923509,528.6105185503993,528.6105185503993,t200,goa,2cm
2017,21740,female,12.718225647560848,38.85040365556879,38.83441952722342,t200,goa,2cm
2017,21740,male,16.236897556877754,39.33466283192447,39.33487729952259,t200,goa,2cm
2017,21740,total,16.046308151948434,46.85000152310515,46.83935959945613,t200,goa,2cm
2017,30060,female,179.23995347755152,202.02215030907448,201.71033280390424,t200,goa,2cm
2017,30060,male,165.2598097412058,160.43087459601605,160.3051972846873,t200,goa,2cm
2017,30060,total,297.79486873417596,241.79962104755995,241.62728122508452,t200,goa,2cm
2017,30420,female,102.1508083571532,50.79891008796113,50.79891008796113,t200,goa,2cm
2017,30420,male,83.4616268317303,119.55314334394518,119.55314334394518,t200,goa,2cm
2017,30420,total,170.12537478688216,104.030086944746,104.030086944746,t200,goa,2cm
2019,10110,female,392.08504493102544,3135.742323933818,3109.622394198698,t200,goa,2cm
2019,10110,male,222.4931476483769,1934.2070745025983,1921.5788759951388,t200,goa,2cm
2019,10110,total,566.3665168464776,3871.5186886751058,3852.826410570921,t200,goa,2cm
2019,10130,female,66.0085665149106,686.8958621350099,686.6921438049038,t200,goa,2cm
2019,10130,male,82.55841716509399,437.2771781189921,436.78377266091354,t200,goa,2cm
2019,10130,total,136.97158067846598,744.0848704416346,743.5984849138019,t200,goa,2cm
2019,10200,female,204.31434939104204,813.9250295652279,813.9250295652279,t200,goa,2cm
2019,10200,male,152.92681225889925,471.3070709293488,471.3070709293488,t200,goa,2cm
2019,10200,total,318.49626726674467,928.9389745242012,928.9389745242012,t200,goa,2cm
2019,21720,female,52.78558750487472,165.77663530709594,165.77663530709594,t200,goa,2cm
2019,21720,male,58.38517106327004,176.7950829397912,176.7950829397912,t200,goa,2cm
2019,21720,total,68.30267535382568,205.6227842730691,205.6227842730691,t200,goa,2cm
2019,21740,female,101.76881643522648,237.8935655799329,236.72385963601664,t200,goa,2cm
2019,21740,male,84.33575575259366,155.882180091432,155.3462783930444,t200,goa,2cm
2019,21740,total,83.25667573777105,177.50465144925045,177.22693719843903,t200,goa,2cm
2019,30060,female,235.91161622437855,441.8093177695378,441.06336924636264,t200,goa,2cm
2019,30060,male,243.0055705107356,327.4979883685384,327.41158545427453,t200,goa,2cm
2019,30060,total,363.11351512231016,447.7977738295776,447.4930305053654,t200,goa,2cm
2019,30420,female,102.33506252760596,75.10097358347377,75.10097358347377,t200,goa,2cm
2019,30420,male,74.93665112571215,161.92237280395227,161.92237280395227,t200,goa,2cm
2019,30420,total,174.31434746026667,162.09461803344612,162.09461803344612,t200,goa,2cm
2021,10130,female,128.8636225900507,979.6701919558052,978.6633460299904,t200,goa,2cm
2021,10130,male,96.4956225460581,872.1896679874868,872.1506132885107,t200,goa,2cm
2021,10130,total,212.83251966361377,1393.786571565414,1393.6017556173724,t200,goa,2cm
2021,21720,female,148.8240006797262,610.2512476546817,610.2512476546817,t200,goa,2cm
2021,21720,male,109.25070469295554,508.9043474378114,508.9043474378114,t200,goa,2cm
2021,21720,total,197.75941887113643,841.235359051541,841.235359051541,t200,goa,2cm
2021,21740,female,82.32497522359228,229.4683516248773,228.3651666249343,t200,goa,2cm
2021,21740,male,77.72615619889844,204.29874404342772,203.1156219080632,t200,goa,2cm
2021,21740,total,85.8652816092864,244.1421020050236,243.61002654125673,t200,goa,2cm
2021,30060,female,190.6541863489041,191.663373074446,191.7187876701843,t200,goa,2cm
2021,30060,male,243.7838997595975,182.53619228907257,182.5194308096686,t200,goa,2cm
2021,30060,total,361.6418621487421,225.75917431565517,225.77716331615204,t200,goa,2cm
2021,30420,female,109.99165941024197,95.5566488818068,95.43286085461727,t200,goa,2cm
2021,30420,male,117.91476706292818,222.2329968386138,222.61120851239775,t200,goa,2cm
2021,30420,total,212.67836274817003,211.4754643416937,211.52989465242615,t200,goa,2cm
2017,10110,female,365.47445752619063,2192.724490463955,2190.525456315033,t250,goa,2cm
2017,10110,male,160.17159725648375,1053.3528896018777,1052.9341436998718,t250,goa,2cm
2017,10110,total,487.6591691015669,2826.421459508814,2825.3206649104013,t250,goa,2cm
2017,10130,female,85.93039406440224,1086.4275010763993,1086.4275010763993,t250,goa,2cm
2017,10130,male,85.73410687617603,738.7471195731096,738.7471195731096,t250,goa,2cm
2017,10130,total,165.20000318204993,1353.2450815471152,1353.2450815471152,t250,goa,2cm
2017,10200,female,168.642243034442,715.0175847112644,715.0175847112644,t250,goa,2cm
2017,10200,male,126.68337625336696,290.70700334666776,290.70700334666776,t250,goa,2cm
2017,10200,total,271.3240272663539,715.0087741170513,715.0087741170513,t250,goa,2cm
2017,10261,female,138.29465487953672,512.0949427474757,512.0949427474757,t250,goa,2cm
2017,10261,male,69.33548445494388,308.2202690930671,308.2202690930671,t250,goa,2cm
2017,10261,total,172.96583311319586,676.8246633655874,676.8246633655874,t250,goa,2cm
2017,21720,female,82.21343138450607,371.3317409613704,371.3317409613704,t250,goa,2cm
2017,21720,male,66.1624692287256,314.7159996137621,314.7159996137621,t250,goa,2cm
2017,21720,total,114.05969651031856,506.5833539097507,506.5833539097507,t250,goa,2cm
2017,21740,female,14.430778767520946,41.552009901827695,41.55765990259378,t250,goa,2cm
2017,21740,male,17.32652193899438,39.98883936860125,39.97180209749788,t250,goa,2cm
2017,21740,total,17.410894044801214,48.9779458070415,48.97370731993891,t250,goa,2cm
2017,30060,female,179.6231934932155,204.0720323105729,204.0763608144785,t250,goa,2cm
2017,30060,male,163.25131757030908,151.41529213604727,151.41233035916247,t250,goa,2cm
2017,30060,total,294.25825818955184,236.5498121153435,236.5528825059184,t250,goa,2cm
2017,30420,female,101.8128128403138,51.59143753511781,51.59143753511781,t250,goa,2cm
2017,30420,male,82.26799255373456,116.15307985931514,116.15307985931514,t250,goa,2cm
2017,30420,total,170.43784122518255,102.81804415234956,102.81804415234956,t250,goa,2cm
2019,10110,female,377.85052112638976,3150.550826544353,3149.5790915482207,t250,goa,2cm
2019,10110,male,231.40170033915692,1782.116769349858,1781.232705879602,t250,goa,2cm
2019,10110,total,571.0314198719592,3774.140832433681,3774.3385023284527,t250,goa,2cm
2019,10130,female,68.76107884069278,652.9009221824431,652.8153397251049,t250,goa,2cm
2019,10130,male,80.61544801129395,415.1736540521792,415.2598129363363,t250,goa,2cm
2019,10130,total,135.7061877399974,681.9005617166981,681.9520659356926,t250,goa,2cm
2019,10200,female,201.8607651049365,799.0578046280199,799.0578046280199,t250,goa,2cm
2019,10200,male,147.39005994034568,449.01457925586783,449.01457925586783,t250,goa,2cm
2019,10200,total,313.2814852857446,888.8763364399119,888.8763364399119,t250,goa,2cm
2019,21720,female,50.3481208956453,161.86637507408295,161.86637507408295,t250,goa,2cm
2019,21720,male,53.45349533221087,162.54071069040873,162.54071069040873,t250,goa,2cm
2019,21720,total,62.851045907354845,192.90421409680943,192.90421409680943,t250,goa,2cm
2019,21740,female,106.09615461261018,245.69575353857417,245.06559160955803,t250,goa,2cm
2019,21740,male,92.55597616031469,161.63402543019052,161.26955952599627,t250,goa,2cm
2019,21740,total,88.89853297599119,182.67408156300397,182.5007639342619,t250,goa,2cm
2019,30060,female,221.2318712744733,411.1618230301006,411.12943162498306,t250,goa,2cm
2019,30060,male,228.5050488321071,297.348882633731,297.3650097195429,t250,goa,2cm
2019,30060,total,338.6460926033716,405.716891474039,405.71849549245144,t250,goa,2cm
2019,30420,female,104.64777141288585,80.12176784887482,80.12176784887482,t250,goa,2cm
2019,30420,male,72.63581766208033,171.55506236815734,171.55506236815734,t250,goa,2cm
2019,30420,total,171.75496449220884,173.48332913722348,173.48332913722348,t250,goa,2cm
2021,10130,female,126.62454799450336,970.7320361972712,970.7320361972712,t250,goa,2cm
2021,10130,male,94.99001236273604,849.189841587801,849.189841587801,t250,goa,2cm
2021,10130,total,208.7116396807847,1396.339704122865,1396.339704122865,t250,goa,2cm
2021,21720,female,150.6348782221669,619.904486127885,619.904486127885,t250,goa,2cm
2021,21720,male,113.54313609733288,536.5068430942734,536.5068430942734,t250,goa,2cm
2021,21720,total,209.1437530231032,878.8943770121818,878.8943770121818,t250,goa,2cm
2021,21740,female,84.11552451719659,233.8583890037193,233.000390368057,t250,goa,2cm
2021,21740,male,77.88352304896353,205.9287012032189,206.07355454720977,t250,goa,2cm
2021,21740,total,86.84484074056067,246.5068181270545,246.23733213832963,t250,goa,2cm
2021,30060,female,194.69440262842,188.7587999171944,188.741780748072,t250,goa,2cm
2021,30060,male,243.68326265037985,173.7330709045079,173.71926422688,t250,goa,2cm
2021,30060,total,360.76604829296144,219.61628740345645,219.60131850539088,t250,goa,2cm
2021,30420,female,104.64462332197822,89.96157321396251,89.96157321396251,t250,goa,2cm
2021,30420,male,112.5507433774638,190.6245571742643,190.6245571742643,t250,goa,2cm
2021,30420,total,206.9995667020509,193.193981203094,193.193981203094,t250,goa,2cm
2017,10110,female,395.99148951188545,1304.9065407296428,1060.4460856259022,t50,goa,5cm
2017,10110,male,171.05043044194153,664.4275085899512,548.1585043057074,t50,goa,5cm
2017,10110,total,513.8535734625262,1565.8664398850533,1333.2068086993538,t50,goa,5cm
2017,10130,female,89.82693800688592,764.4725164468938,543.1253190420751,t50,goa,5cm
2017,10130,male,90.96627618293958,431.2102854013852,338.81604166504286,t50,goa,5cm
2017,10130,total,182.3903027567804,751.5043302768431,616.413012024187,t50,goa,5cm
2017,10200,female,179.8704212221718,421.24927287644266,388.9143245456059,t50,goa,5cm
2017,10200,male,127.98048108741456,152.3880857739356,147.10566719061913,t50,goa,5cm
2017,10200,total,283.4006801618763,379.6713382729387,367.44277051765374,t50,goa,5cm
2017,10261,female,139.28931912714577,314.4697785382747,275.7330831937135,t50,goa,5cm
2017,10261,male,85.54128839905694,141.0386723955481,127.48830861406915,t50,goa,5cm
2017,10261,total,200.02242729592004,341.22324962239645,312.7231187959543,t50,goa,5cm
2017,21720,female,90.75386361323918,254.2388100463075,246.51767330561023,t50,goa,5cm
2017,21720,male,70.58500293968078,206.8808040332031,200.79208929506393,t50,goa,5cm
2017,21720,total,125.60371827282486,302.91304767065816,297.08803040716555,t50,goa,5cm
2017,21740,female,15.327483914571484,21.587848529746314,20.996789705812457,t50,goa,5cm
2017,21740,male,18.124029821380105,21.95677046677724,21.570794997697707,t50,goa,5cm
2017,21740,total,18.75177270229294,25.53822882469909,25.28316066010624,t50,goa,5cm
2017,30060,female,203.22928695621937,146.41969476379072,129.6165488113458,t50,goa,5cm
2017,30060,male,177.81996179460234,73.13199012166898,70.12083149415182,t50,goa,5cm
2017,30060,total,334.5860360265084,136.49908340070104,129.650921065584,t50,goa,5cm
2017,30420,female,112.08438958647118,22.22123986828097,20.94914270806455,t50,goa,5cm
2017,30420,male,95.10633549661505,84.25987955285585,62.66348684926764,t50,goa,5cm
2017,30420,total,196.7614207683027,50.79619830690136,46.70308718036186,t50,goa,5cm
2019,10110,female,386.93200282298466,1834.6625676354424,1521.6373380009943,t50,goa,5cm
2019,10110,male,236.04686445307763,1110.7115690570142,880.1635863434434,t50,goa,5cm
2019,10110,total,582.7924614146858,2078.4463003691367,1815.7792439362472,t50,goa,5cm
2019,10130,female,84.90328828963828,403.0221805429088,345.17589999820694,t50,goa,5cm
2019,10130,male,72.99213576471088,204.43404436255503,192.24462894016287,t50,goa,5cm
2019,10130,total,141.05550867772098,354.9691584993828,335.90573321222024,t50,goa,5cm
2019,10200,female,208.15090328719165,444.20017901738066,409.1288668167627,t50,goa,5cm
2019,10200,male,157.88835656608126,283.9634846259173,265.5761068211842,t50,goa,5cm
2019,10200,total,343.42895960290656,512.7833748017509,488.4650324941551,t50,goa,5cm
2019,21720,female,52.07556109351196,75.32620523468394,68.46739742656604,t50,goa,5cm
2019,21720,male,54.81304714232565,84.02598748623855,76.53075042151842,t50,goa,5cm
2019,21720,total,64.5877106620761,86.57946471304882,82.45107353967731,t50,goa,5cm
2019,21740,female,115.36441862691484,138.87060252292017,128.34181718820125,t50,goa,5cm
2019,21740,male,92.81333523308764,98.34411829836743,89.345072697062,t50,goa,5cm
2019,21740,total,94.09429104240888,109.35977376350296,105.27653291920976,t50,goa,5cm
2019,30060,female,239.63426794369187,214.74806402120683,194.03602810948908,t50,goa,5cm
2019,30060,male,238.6556143689629,124.47350959611713,118.66122927067865,t50,goa,5cm
2019,30060,total,362.7953356513186,177.5936521241565,172.49487985360346,t50,goa,5cm
2019,30420,female,105.66755230094108,49.01759840830185,43.7417894895459,t50,goa,5cm
2019,30420,male,74.59384825143059,127.15150834913882,82.28770480268372,t50,goa,5cm
2019,30420,total,178.81470414066567,99.17209439854344,85.05417262892156,t50,goa,5cm
2021,10130,female,121.37207377327076,573.434374023216,475.76139205434345,t50,goa,5cm
2021,10130,male,101.27296638048972,519.3856524443567,435.1787272420086,t50,goa,5cm
2021,10130,total,214.9329809030256,780.0744877215061,679.8779639999435,t50,goa,5cm
2021,21720,female,163.13539604454778,425.12518200168864,414.6987950292512,t50,goa,5cm
2021,21720,male,116.23186623319364,357.25346305006303,343.6194584425292,t50,goa,5cm
2021,21720,total,213.59079431896447,504.1740691954294,495.2137892821828,t50,goa,5cm
2021,21740,female,95.57654996509888,119.63324034185602,115.49084901136582,t50,goa,5cm
2021,21740,male,87.16570037978285,106.68596006432364,99.84620653594853,t50,goa,5cm
2021,21740,total,98.4559526078892,122.68050900749311,120.76416527668415,t50,goa,5cm
2021,30060,female,218.20684803394096,172.98780785118112,145.03006485074388,t50,goa,5cm
2021,30060,male,263.57403596764,129.38164143217074,111.13427675297552,t50,goa,5cm
2021,30060,total,419.5239011429071,215.82578593320295,193.2159220460854,t50,goa,5cm
2021,30420,female,120.39278055155896,45.98343791717477,36.11457257361247,t50,goa,5cm
2021,30420,male,121.79877086896724,142.93806169087685,99.77892275476684,t50,goa,5cm
2021,30420,total,224.11973311711185,105.18527652927668,86.7248648834419,t50,goa,5cm
2017,10110,female,389.1059974256696,1294.7659949463102,1243.7825687683478,t100,goa,5cm
2017,10110,male,161.94937681653911,592.4291469503263,560.510312291759,t100,goa,5cm
2017,10110,total,518.4578388615696,1492.9769605708443,1437.411713008152,t100,goa,5cm
2017,10130,female,89.22476053286415,661.2056041925533,621.4831468583577,t100,goa,5cm
2017,10130,male,89.89990210508529,402.3470755294905,385.19252239599786,t100,goa,5cm
2017,10130,total,174.9570029086133,662.0057439043059,645.6209935941469,t100,goa,5cm
2017,10200,female,177.82329275356142,442.6860104834101,442.6185752978426,t100,goa,5cm
2017,10200,male,129.9568654938842,149.14719992493792,148.67838609810457,t100,goa,5cm
2017,10200,total,278.74013027168195,379.46063511774264,378.6701928815138,t100,goa,5cm
2017,10261,female,142.26366550779238,328.7180560655571,316.6321265571432,t100,goa,5cm
2017,10261,male,90.9500622537734,145.87342091637066,144.7297827984978,t100,goa,5cm
2017,10261,total,206.99411770592175,351.7859363878816,344.2447513384467,t100,goa,5cm
2017,21720,female,96.11479298758364,246.657474757882,246.657474757882,t100,goa,5cm
2017,21720,male,74.77725970669978,202.89385775735624,202.89385775735624,t100,goa,5cm
2017,21720,total,129.3857414843639,289.84870634847147,289.84870634847147,t100,goa,5cm
2017,21740,female,15.861792759295922,22.811314337779233,22.685374782370175,t100,goa,5cm
2017,21740,male,19.21956396886577,23.20617527077989,22.997484830168137,t100,goa,5cm
2017,21740,total,19.650637222302215,27.086362729692553,27.043677854350022,t100,goa,5cm
2017,30060,female,203.33635606507144,145.52842193989744,139.0000155499939,t100,goa,5cm
2017,30060,male,174.21949765753294,77.40659918177863,76.09581800855695,t100,goa,5cm
2017,30060,total,327.361574499874,139.34251835649138,136.86187652166723,t100,goa,5cm
2017,30420,female,113.14901859105376,20.499988180108904,20.386297894464885,t100,goa,5cm
2017,30420,male,95.92467864254692,81.70101009547521,72.30337945144687,t100,goa,5cm
2017,30420,total,198.93172290844728,48.19871733702941,47.31999839500298,t100,goa,5cm
2019,10110,female,419.8960530726752,1892.579225080838,1767.1227667223638,t100,goa,5cm
2019,10110,male,234.8343101051664,1099.4324953626187,1040.5720602759388,t100,goa,5cm
2019,10110,total,608.298974991526,2135.600128053092,2048.964833912455,t100,goa,5cm
2019,10130,female,81.66602850678122,413.2963169187728,404.8892176669945,t100,goa,5cm
2019,10130,male,71.82924220807705,194.78118270413543,193.13979267625717,t100,goa,5cm
2019,10130,total,140.49451055866814,345.83333488970624,343.1112233946516,t100,goa,5cm
2019,10200,female,203.3645170267729,473.939871584115,465.0974438422014,t100,goa,5cm
2019,10200,male,152.72929971306593,286.1562568949777,283.3924205333011,t100,goa,5cm
2019,10200,total,326.03015496986416,544.5663416919391,538.7799458823424,t100,goa,5cm
2019,21720,female,58.699592493001475,86.05684207553875,83.29085400375249,t100,goa,5cm
2019,21720,male,60.30238370126176,93.44977453056312,90.96176221079996,t100,goa,5cm
2019,21720,total,72.39803990332263,98.68215526408876,97.12827468122416,t100,goa,5cm
2019,21740,female,112.79270413393624,138.0803043163266,133.74764095302066,t100,goa,5cm
2019,21740,male,94.50279238582178,95.85424248624184,93.61114253245458,t100,goa,5cm
2019,21740,total,93.91284257224396,108.91562767369052,107.93652059268088,t100,goa,5cm
2019,30060,female,233.0403895948652,214.68693722248236,207.87281999878132,t100,goa,5cm
2019,30060,male,238.73841112420936,130.9325086392293,130.04624980191647,t100,goa,5cm
2019,30060,total,356.70340353597487,183.1568581096203,182.44424747157908,t100,goa,5cm
2019,30420,female,104.23415220746485,49.41428625311965,47.8173810454629,t100,goa,5cm
2019,30420,male,73.53262596699687,121.46644543370404,106.4394941848406,t100,goa,5cm
2019,30420,total,174.93668903203152,98.75199888069233,95.05776638266931,t100,goa,5cm
2021,10130,female,124.5544387075468,549.474876263018,529.897949624507,t100,goa,5cm
2021,10130,male,104.55293512062038,520.0505214293265,492.4369530095842,t100,goa,5cm
2021,10130,total,220.8291753928792,739.9934663436331,721.4878593684383,t100,goa,5cm
2021,21720,female,166.4901608491101,441.86315446858873,440.529226677218,t100,goa,5cm
2021,21720,male,119.40079291342629,363.75846476011503,361.6175321179858,t100,goa,5cm
2021,21720,total,220.3523075365831,525.1690807575352,523.4389410158448,t100,goa,5cm
2021,21740,female,87.72816177174091,115.41680380047087,112.16461932937806,t100,goa,5cm
2021,21740,male,82.87780000775967,102.72919743673232,100.74069377332508,t100,goa,5cm
2021,21740,total,92.07021836211086,118.80644867699355,117.40611690052654,t100,goa,5cm
2021,30060,female,224.05566172555123,158.73576589428075,152.0077135706718,t100,goa,5cm
2021,30060,male,275.1490505419874,120.6279269024434,117.16298397349996,t100,goa,5cm
2021,30060,total,432.4564178700415,201.788568415575,195.00107327391845,t100,goa,5cm
2021,30420,female,117.90797858145204,47.57431180949006,43.947403224658466,t100,goa,5cm
2021,30420,male,117.05659619987593,148.55406713312394,134.9087001424252,t100,goa,5cm
2021,30420,total,217.5612018912965,107.84231028689344,101.76445432789538,t100,goa,5cm
2017,10110,female,395.0575075673414,1346.0570142029362,1324.636558394588,t150,goa,5cm
2017,10110,male,176.76671298879288,695.901099661711,685.4074330243022,t150,goa,5cm
2017,10110,total,558.5900699630187,1649.6258600994104,1634.6124147302933,t150,goa,5cm
2017,10130,female,89.15814691674504,663.3781001709563,657.3597389503774,t150,goa,5cm
2017,10130,male,89.99076308326951,409.12038179810435,407.28972847960017,t150,goa,5cm
2017,10130,total,172.84410174991717,694.4740864382122,690.8466737768678,t150,goa,5cm
2017,10200,female,176.36065547337952,394.6259057412349,394.5754845829138,t150,goa,5cm
2017,10200,male,129.13646145825706,155.20176033719275,155.2407888555999,t150,goa,5cm
2017,10200,total,283.5789800186318,373.4997049562554,373.5217281995661,t150,goa,5cm
2017,10261,female,144.45025881031762,336.90439144527704,335.92711490774565,t150,goa,5cm
2017,10261,male,88.91595783758078,150.31806778331008,150.1844324600707,t150,goa,5cm
2017,10261,total,205.0632543787282,361.8164377185838,361.6171347137518,t150,goa,5cm
2017,21720,female,97.30631332797633,251.8796735887476,251.8796735887476,t150,goa,5cm
2017,21720,male,73.43928492938086,212.67178536042584,212.67178536042584,t150,goa,5cm
2017,21720,total,133.59613922379913,305.37270019338166,305.37270019338166,t150,goa,5cm
2017,21740,female,14.729326473217476,21.692093400315347,21.648096049662332,t150,goa,5cm
2017,21740,male,17.722908906270785,22.31028391065055,22.257059547512508,t150,goa,5cm
2017,21740,total,17.946731853096544,25.918263690925333,25.89255564077817,t150,goa,5cm
2017,30060,female,197.41970530597877,127.13224371739057,126.00338508684752,t150,goa,5cm
2017,30060,male,174.76966629402054,71.65007291629038,70.79926341255081,t150,goa,5cm
2017,30060,total,328.5033712848876,128.18011014085474,126.66123508634546,t150,goa,5cm
2017,30420,female,111.66682494242896,22.84666823827801,22.78264606468211,t150,goa,5cm
2017,30420,male,93.06784030125974,81.70990431009182,80.95748996900173,t150,goa,5cm
2017,30420,total,191.91348483455215,52.290310061995775,52.21290306720359,t150,goa,5cm
2019,10110,female,408.50815919401344,1824.8099909940563,1791.0562692971434,t150,goa,5cm
2019,10110,male,245.85579713962224,1114.7482581248316,1095.1031706624235,t150,goa,5cm
2019,10110,total,613.2199881897074,2099.551819629545,2071.630198586999,t150,goa,5cm
2019,10130,female,82.37959561488822,392.15071680053234,391.7319628185001,t150,goa,5cm
2019,10130,male,72.3315925794303,199.47952635707304,199.34749674339952,t150,goa,5cm
2019,10130,total,140.1995925329736,340.3716879633711,340.1658603237405,t150,goa,5cm
2019,10200,female,205.81046510691849,474.94017986252896,474.4336892399527,t150,goa,5cm
2019,10200,male,153.84077747465588,275.94820393028675,275.5999994727474,t150,goa,5cm
2019,10200,total,333.49590867410086,523.15936824444,521.9268429351933,t150,goa,5cm
2019,21720,female,57.379432191380914,80.81649854205361,80.54929838134593,t150,goa,5cm
2019,21720,male,61.188513285961434,91.11554586424096,90.49086594403018,t150,goa,5cm
2019,21720,total,71.16337488948425,94.45822854214995,94.19505417279863,t150,goa,5cm
2019,21740,female,109.85869726879164,134.88333306244658,132.84416938604875,t150,goa,5cm
2019,21740,male,91.97326386259834,96.11616793895978,95.25924359600032,t150,goa,5cm
2019,21740,total,92.82137786525344,108.21679083243504,107.66182490872598,t150,goa,5cm
2019,30060,female,232.62651848375,212.0058322259063,210.54063567758976,t150,goa,5cm
2019,30060,male,239.92690203440847,126.78535078752464,126.50778154397356,t150,goa,5cm
2019,30060,total,361.6073427067695,180.05841427319757,179.56527916710616,t150,goa,5cm
2019,30420,female,104.83688766121644,49.23389801050549,48.51640497767648,t150,goa,5cm
2019,30420,male,74.43031635162923,143.02591231138533,139.9672797789542,t150,goa,5cm
2019,30420,total,174.62442627653746,105.95525461617204,104.37704888398724,t150,goa,5cm
2021,10130,female,123.0347088059272,551.7995588875476,547.2821072116633,t150,goa,5cm
2021,10130,male,106.17779865963892,519.8568644209039,512.5344017547551,t150,goa,5cm
2021,10130,total,222.71320835119215,771.6725086822833,765.6358911803155,t150,goa,5cm
2021,21720,female,154.44128953162328,405.62025715078977,405.47925805522055,t150,goa,5cm
2021,21720,male,111.5399316094815,358.6600761573325,358.6970764928515,t150,goa,5cm
2021,21720,total,200.0460625263492,491.4030020501901,491.5548929915254,t150,goa,5cm
2021,21740,female,94.01118178141196,120.2118180526142,119.36738344976688,t150,goa,5cm
2021,21740,male,85.42090063257265,106.22687304126134,105.91356489831506,t150,goa,5cm
2021,21740,total,97.1059538337996,122.21550574556174,122.16807632708888,t150,goa,5cm
2021,30060,female,215.1063256897311,155.06016239068256,155.26023684643425,t150,goa,5cm
2021,30060,male,262.3048348017261,117.90023182738894,117.5760166063602,t150,goa,5cm
2021,30060,total,413.0889255900301,198.78377659999543,198.60992850750873,t150,goa,5cm
2021,30420,female,120.12419554418194,43.75858985355347,43.22183416813111,t150,goa,5cm
2021,30420,male,121.0270042801161,131.9117489891949,130.56301011080467,t150,goa,5cm
2021,30420,total,226.56302378676392,95.06622943488092,94.64927707479728,t150,goa,5cm
2017,10110,female,382.56974750922217,1314.383219658408,1311.4597192804392,t200,goa,5cm
2017,10110,male,171.23608713179726,630.2810085471647,630.014379033763,t200,goa,5cm
2017,10110,total,517.2106226918185,1533.0409372196734,1533.1607012075572,t200,goa,5cm
2017,10130,female,87.76924053827234,677.201826117007,678.4303942353274,t200,goa,5cm
2017,10130,male,88.67678106635755,390.7960978824965,390.1552940147973,t200,goa,5cm
2017,10130,total,175.49610286528406,668.6604399318817,668.1723458485113,t200,goa,5cm
2017,10200,female,173.43164797490792,388.0682650462893,388.0682650462893,t200,goa,5cm
2017,10200,male,128.0285438178189,149.44274649466476,149.44274649466476,t200,goa,5cm
2017,10200,total,274.7525662763964,371.4756777003285,371.4756777003285,t200,goa,5cm
2017,10261,female,145.04400614663086,309.99118772592016,309.9614037092776,t200,goa,5cm
2017,10261,male,85.59356633636206,144.68228951091643,144.71144387385425,t200,goa,5cm
2017,10261,total,202.1156256712784,339.5887320669115,339.3690297630385,t200,goa,5cm
2017,21720,female,93.36774954720428,247.69276346500732,247.69276346500732,t200,goa,5cm
2017,21720,male,68.12821149853208,204.77605205348928,204.77605205348928,t200,goa,5cm
2017,21720,total,119.99245219510132,294.88886973379135,294.88886973379135,t200,goa,5cm
2017,21740,female,14.241377793396,20.601687940333516,20.590693149721226,t200,goa,5cm
2017,21740,male,18.73601736045389,21.727214195021393,21.739951559177644,t200,goa,5cm
2017,21740,total,17.78570096046955,24.64241074326597,24.640478598888855,t200,goa,5cm
2017,30060,female,200.46946184312372,145.56680934983913,145.22054778264717,t200,goa,5cm
2017,30060,male,173.28111892721566,73.61651891744661,73.73364324384512,t200,goa,5cm
2017,30060,total,324.93909465459893,136.73883979451116,136.59958851848677,t200,goa,5cm
2017,30420,female,109.93229038254532,23.889437460901675,23.889437460901675,t200,goa,5cm
2017,30420,male,95.23099887183882,87.64850768434842,87.64850768434842,t200,goa,5cm
2017,30420,total,197.1202039309222,54.95687912415817,54.95687912415817,t200,goa,5cm
2019,10110,female,401.02105382714376,1805.8969493198688,1798.4735540106708,t200,goa,5cm
2019,10110,male,235.3929373019455,1093.01892198591,1086.5482363804094,t200,goa,5cm
2019,10110,total,596.4090087731964,2070.4421964539397,2063.0383971485085,t200,goa,5cm
2019,10130,female,82.25885874061932,425.2793815896718,425.3637045037231,t200,goa,5cm
2019,10130,male,70.91666125727863,211.79546799450216,211.9334523117267,t200,goa,5cm
2019,10130,total,140.09321107323126,369.3754191211811,369.60688387304265,t200,goa,5cm
2019,10200,female,209.3965883998379,472.2049213118499,472.2049213118499,t200,goa,5cm
2019,10200,male,150.02794921571197,272.64312462694215,272.64312462694215,t200,goa,5cm
2019,10200,total,315.8912140772863,518.154448007608,518.154448007608,t200,goa,5cm
2019,21720,female,59.89460471427438,90.10122809554764,90.10122809554764,t200,goa,5cm
2019,21720,male,62.75473768545229,97.93280400675576,97.93280400675576,t200,goa,5cm
2019,21720,total,74.72856040881429,103.51789359854988,103.51789359854988,t200,goa,5cm
2019,21740,female,108.47076646693266,134.16641682927002,133.5191393598569,t200,goa,5cm
2019,21740,male,93.09782368917668,93.73669874826624,93.68747531038252,t200,goa,5cm
2019,21740,total,92.0991550350293,105.36910606071432,105.25259804968675,t200,goa,5cm
2019,30060,female,229.6121960356962,209.57234030177764,209.43897437372829,t200,goa,5cm
2019,30060,male,242.49071700657632,132.6089961123263,132.62688213274376,t200,goa,5cm
2019,30060,total,355.5196158437799,182.9406503255498,182.9177073614767,t200,goa,5cm
2019,30420,female,105.15870583790478,50.30445641971218,50.30445641971218,t200,goa,5cm
2019,30420,male,74.96235700367679,128.1787749674927,128.1787749674927,t200,goa,5cm
2019,30420,total,176.03927201140618,103.58147376724244,103.58147376724244,t200,goa,5cm
2021,10130,female,120.5863037700473,576.340013582139,575.2307875263652,t200,goa,5cm
2021,10130,male,101.78870548072628,520.7490939369646,520.7082559240223,t200,goa,5cm
2021,10130,total,222.25328886088124,768.9732531841438,768.6987456416266,t200,goa,5cm
2021,21720,female,154.9964585542293,412.69769888094584,412.69769888094584,t200,goa,5cm
2021,21720,male,112.12551216014636,351.63978403858766,351.63978403858766,t200,goa,5cm
2021,21720,total,198.40136131559944,487.2555409891978,487.2555409891978,t200,goa,5cm
2021,21740,female,88.2341718937055,113.39592156791429,113.20239967269026,t200,goa,5cm
2021,21740,male,82.08931265019,101.08180562937731,101.10061309660716,t200,goa,5cm
2021,21740,total,91.50068410211296,115.16324802945644,115.16417771878552,t200,goa,5cm
2021,30060,female,209.53583900063404,155.56961612254847,155.57619570920286,t200,goa,5cm
2021,30060,male,262.91463891687175,121.81060436431468,121.84851965327444,t200,goa,5cm
2021,30060,total,415.0937458500454,201.96333950765035,201.95225744178728,t200,goa,5cm
2021,30420,female,120.30928857087837,50.57038617597571,50.60847166537974,t200,goa,5cm
2021,30420,male,119.416920534519,156.57767442593345,156.59930455440067,t200,goa,5cm
2021,30420,total,222.6585687805697,116.03613749928138,115.9554649026271,t200,goa,5cm
2017,10110,female,384.7658275702465,1223.4930437128353,1223.5088197847904,t250,goa,5cm
2017,10110,male,161.04960961768575,596.331263570174,596.2141431047738,t250,goa,5cm
2017,10110,total,515.4887539355402,1439.5362638653494,1440.130865464802,t250,goa,5cm
2017,10130,female,87.00255741626675,659.1769153881819,659.1769153881819,t250,goa,5cm
2017,10130,male,87.03227942282508,409.9508322950434,409.9508322950434,t250,goa,5cm
2017,10130,total,172.49366031941878,698.1670779258543,698.1670779258543,t250,goa,5cm
2017,10200,female,174.64769673679857,372.24227912924994,372.24227912924994,t250,goa,5cm
2017,10200,male,133.91145781798593,161.96792340256513,161.96792340256513,t250,goa,5cm
2017,10200,total,284.1748357984354,402.091891782793,402.091891782793,t250,goa,5cm
2017,10261,female,144.04434744649046,329.50835012609065,329.50835012609065,t250,goa,5cm
2017,10261,male,84.12491615420379,148.94041823358597,148.94041823358597,t250,goa,5cm
2017,10261,total,196.84273899194235,365.544437161302,365.544437161302,t250,goa,5cm
2017,21720,female,92.8417378805905,239.10694532022384,239.10694532022384,t250,goa,5cm
2017,21720,male,71.03148915601503,206.9429591779675,206.9429591779675,t250,goa,5cm
2017,21720,total,125.25089214210402,292.6455793649125,292.6455793649125,t250,goa,5cm
2017,21740,female,14.380733955921952,20.76534800247306,20.75911928171796,t250,goa,5cm
2017,21740,male,17.869988178571774,20.76721561874455,20.77315255232106,t250,goa,5cm
2017,21740,total,18.238153935360753,24.376208343386075,24.3761365568573,t250,goa,5cm
2017,30060,female,204.59723266465664,147.24729786745658,147.23315364479615,t250,goa,5cm
2017,30060,male,168.42083824415352,76.07936098799715,76.08431518066571,t250,goa,5cm
2017,30060,total,329.91700292629525,142.49742372136942,142.50265802388648,t250,goa,5cm
2017,30420,female,108.21533509587208,21.276989303980635,21.276989303980635,t250,goa,5cm
2017,30420,male,94.23323660998832,85.9333692992865,85.9333692992865,t250,goa,5cm
2017,30420,total,194.12187316493424,49.77222664506899,49.77222664506899,t250,goa,5cm
2019,10110,female,389.1775885059061,1831.6957140779923,1831.5915930035887,t250,goa,5cm
2019,10110,male,234.2175636573284,1056.4428617562858,1055.9050242612898,t250,goa,5cm
2019,10110,total,595.1221283211815,2043.1918874942512,2042.6557672067224,t250,goa,5cm
2019,10130,female,83.54763178646792,421.1719478057435,420.9765025664988,t250,goa,5cm
2019,10130,male,72.47866971496178,197.1283838196684,197.1352741976781,t250,goa,5cm
2019,10130,total,142.04433256308445,349.7015792822755,349.67052158482755,t250,goa,5cm
2019,10200,female,212.45257353164803,482.2644284809368,482.2644284809368,t250,goa,5cm
2019,10200,male,156.3762621251582,286.59597169348183,286.59597169348183,t250,goa,5cm
2019,10200,total,337.6827805264811,543.3415731257803,543.3415731257803,t250,goa,5cm
2019,21720,female,54.735172671117574,82.4427897085887,82.4427897085887,t250,goa,5cm
2019,21720,male,57.7424309886246,89.97490932289041,89.97490932289041,t250,goa,5cm
2019,21720,total,67.0385089731237,94.13834496488433,94.13834496488433,t250,goa,5cm
2019,21740,female,107.41726990716924,132.64520731770006,132.77940567121507,t250,goa,5cm
2019,21740,male,91.1005541428018,94.80432927209348,94.66263256518435,t250,goa,5cm
2019,21740,total,89.88392310057785,106.06450397077332,106.09525149981584,t250,goa,5cm
2019,30060,female,225.78046820064552,192.6653578317012,192.66598013507289,t250,goa,5cm
2019,30060,male,230.920305651652,117.87498816216686,117.8714205210309,t250,goa,5cm
2019,30060,total,343.2782443479564,164.159916918369,164.1615736796925,t250,goa,5cm
2019,30420,female,103.67501480963058,46.84045161563494,46.84045161563494,t250,goa,5cm
2019,30420,male,74.26282971057776,123.52363267773384,123.52363267773384,t250,goa,5cm
2019,30420,total,175.93079816966562,95.63458772581288,95.63458772581288,t250,goa,5cm
2021,10130,female,121.74098706732336,534.5968402149775,534.5968402149775,t250,goa,5cm
2021,10130,male,103.82365579879936,508.733489651809,508.733489651809,t250,goa,5cm
2021,10130,total,214.32537170026484,733.9441303219368,733.9441303219368,t250,goa,5cm
2021,21720,female,169.3020354284002,427.9791027122961,427.9791027122961,t250,goa,5cm
2021,21720,male,115.158254769787,340.7996896415332,340.7996896415332,t250,goa,5cm
2021,21720,total,213.2865583352467,492.264503952885,492.264503952885,t250,goa,5cm
2021,21740,female,96.0421022068471,123.13297576690186,123.2449802740952,t250,goa,5cm
2021,21740,male,89.57728122673494,110.6659551453967,110.29947676499366,t250,goa,5cm
2021,21740,total,100.09610428252496,126.867713576945,126.73400035092266,t250,goa,5cm
2021,30060,female,218.00326877503383,159.9283436102801,159.89034043924804,t250,goa,5cm
2021,30060,male,265.37488391373824,114.0736562300113,114.07618942369923,t250,goa,5cm
2021,30060,total,418.94606295716903,197.39492643247775,197.38689720974753,t250,goa,5cm
2021,30420,female,116.42033885805569,44.723755756219006,44.723755756219006,t250,goa,5cm
2021,30420,male,121.15327938264184,148.4130251344125,148.4130251344125,t250,goa,5cm
2021,30420,total,223.02174408142517,102.90752694967428,102.90752694967428,t250,goa,5cm
