year,species_code,comp_type,region,iss_age,base_iss_length,sub_iss_length,sub_samp
2017,10110,female,cgoa,198.0220826443484,2613.355658985052,1555.5607404508278,t50
2017,10110,female,egoa,51.96246078691672,599.0592544608803,359.39022090883697,t50
2017,10110,female,wgoa,67.96080103288013,602.4211071075474,433.7575595902368,t50
2017,10110,male,cgoa,88.68553109598642,1342.596049306983,753.8404497121808,t50
2017,10110,male,egoa,39.22090657376332,342.05246920465765,226.04897139634787,t50
2017,10110,male,wgoa,34.22552646706796,435.2273710795495,282.25184617293235,t50
2017,10110,total,cgoa,273.76057088010197,3437.037956876397,2134.782594349356,t50
2017,10110,total,egoa,80.67635580272864,701.3701159289975,483.4056609569205,t50
2017,10110,total,wgoa,96.34977020732926,947.4009056083842,668.7504731325038,t50
2017,10130,female,cgoa,56.83100883516406,809.9605126710069,539.1511416779886,t50
2017,10130,female,egoa,14.081979038172063,140.8777480594352,98.03891682895178,t50
2017,10130,female,wgoa,29.48280918795189,460.0525610089158,265.66281163295287,t50
2017,10130,male,cgoa,57.96837732148821,835.6844701180079,556.9235820989942,t50
2017,10130,male,egoa,6.128743615281152,162.55854378711848,114.35529210204152,t50
2017,10130,male,wgoa,25.315521926659247,360.5949408477186,216.0623491891444,t50
2017,10130,total,cgoa,114.11428340886783,1516.6996929451518,1036.11763470147,t50
2017,10130,total,egoa,19.720121282579047,277.359451488323,198.06329105773972,t50
2017,10130,total,wgoa,50.89798660562412,655.9645703557841,411.04225364680354,t50
2017,10200,female,cgoa,85.11228251988155,554.2802784859878,464.27337293952274,t50
2017,10200,female,egoa,30.965166715542605,315.9870429396951,245.81636000453156,t50
2017,10200,female,wgoa,31.475417188850972,358.44021753251195,311.37252707855566,t50
2017,10200,male,cgoa,53.62593969422856,293.20286927569214,237.88750163332037,t50
2017,10200,male,egoa,40.19711351290922,259.133199102436,200.4874924696677,t50
2017,10200,male,wgoa,16.873627627560445,141.86617782058218,117.6707198456556,t50
2017,10200,total,cgoa,115.56230698880016,638.8274492805593,538.8823637624233,t50
2017,10200,total,egoa,66.69187974601353,511.1411494348738,407.2081232766943,t50
2017,10200,total,wgoa,47.06943104901043,366.5391611114342,318.60126693173237,t50
2017,10261,female,cgoa,95.36935372710016,265.2477814851954,196.4007859615262,t50
2017,10261,female,wgoa,35.56091384368234,513.7181013052214,374.5723053702287,t50
2017,10261,male,cgoa,63.678913300340184,202.5218924596449,141.6290667083471,t50
2017,10261,male,wgoa,17.668607868773478,358.94528893874747,255.01849512636255,t50
2017,10261,total,cgoa,140.8551632889034,400.5623560471207,301.94235117410994,t50
2017,10261,total,wgoa,50.516670956673366,720.2806935977989,546.6928484108051,t50
2017,21720,female,cgoa,29.34378001621033,249.8528076210468,229.83542759285208,t50
2017,21720,female,egoa,3.454198205223982,30.767524887176737,30.767524887176737,t50
2017,21720,female,wgoa,31.339021291934596,215.4935038597895,208.28520514956367,t50
2017,21720,male,cgoa,25.102900226139457,180.96188751295932,167.7511286059176,t50
2017,21720,male,egoa,2.8988856504479688,34.9524634884198,34.9524634884198,t50
2017,21720,male,wgoa,28.60647539844251,199.77701852366823,193.1857271959481,t50
2017,21720,total,cgoa,41.89690643822632,355.5811158722077,333.4270543490985,t50
2017,21720,total,egoa,4.71114223473974,67.02399544680462,67.02399544680462,t50
2017,21720,total,wgoa,50.7588122954697,349.79176078303055,340.7090350525461,t50
2017,21740,female,cgoa,41.469977530858046,159.73926423460424,142.92692140224648,t50
2017,21740,female,egoa,20.15504146048707,44.423918055839394,36.51540518813775,t50
2017,21740,female,wgoa,47.22558479807452,139.919316115345,71.94783953643459,t50
2017,21740,male,cgoa,26.235850709027368,103.74897506287942,96.73341084789134,t50
2017,21740,male,egoa,21.363464347461644,36.832753208691294,30.85118878809231,t50
2017,21740,male,wgoa,36.68429397826566,89.34960478172549,50.48475113140093,t50
2017,21740,total,cgoa,46.53650358647819,239.87384252826828,222.2374000313048,t50
2017,21740,total,egoa,43.95917512482711,51.55009380208434,46.71189012606872,t50
2017,21740,total,wgoa,71.96927689624036,172.2168165997731,103.04945244824088,t50
2017,30060,female,cgoa,96.86015439226011,182.5738099267747,127.02793138028665,t50
2017,30060,female,egoa,43.01614848149012,212.65886903116268,149.5963424885209,t50
2017,30060,female,wgoa,17.639563340529566,57.165419781529174,40.34445869784225,t50
2017,30060,male,cgoa,83.5112786015706,225.23480286209613,151.17275969245134,t50
2017,30060,male,egoa,45.182761468565715,242.998256006834,161.08677197357446,t50
2017,30060,male,wgoa,19.372044440329383,49.10111877466268,35.60149915471344,t50
2017,30060,total,cgoa,160.6387074431918,303.67695775820874,226.98003475617787,t50
2017,30060,total,egoa,83.66482552961463,335.12476846252775,251.90561921442296,t50
2017,30060,total,wgoa,30.12316446335444,65.07316922801778,52.39659504293499,t50
2017,30420,female,cgoa,61.485516821047014,58.828162470898015,40.4634031869187,t50
2017,30420,female,wgoa,32.01777999532637,52.97341322789395,41.55502806170997,t50
2017,30420,male,cgoa,47.149968266323015,88.08343013054348,52.44830188714775,t50
2017,30420,male,wgoa,35.11291635865631,102.41385751501488,68.26500389255895,t50
2017,30420,total,cgoa,97.79653064068468,113.5543478999914,78.9225208558327,t50
2017,30420,total,wgoa,63.377932358186094,118.55778814380884,91.88443688795076,t50
2019,10110,female,cgoa,184.54773998169895,2443.7751210589045,1564.8302419509537,t50
2019,10110,female,egoa,50.61289341942455,554.1494516373511,394.4592993080139,t50
2019,10110,female,wgoa,84.39715526531965,1427.6620301455084,824.1865634298675,t50
2019,10110,male,cgoa,107.79258943927022,1231.7683013810006,807.9509894610912,t50
2019,10110,male,egoa,44.59436355675731,652.6390090893601,417.5797757275725,t50
2019,10110,male,wgoa,37.32930780028405,939.8813266234076,471.3208265770247,t50
2019,10110,total,cgoa,271.8607353661627,2943.216518026811,2056.3970987733233,t50
2019,10110,total,egoa,85.40862618913556,1003.7477208692547,717.3429414596093,t50
2019,10110,total,wgoa,119.2313780983116,1982.120730916723,1179.6585297800518,t50
2019,10130,female,cgoa,45.79196869144366,604.7144789872601,447.8149176047715,t50
2019,10130,female,egoa,7.85669225011659,119.3111546741555,84.77321704352714,t50
2019,10130,female,wgoa,21.3163031109689,440.4322085332293,309.4243429299418,t50
2019,10130,male,cgoa,46.23423434464554,464.3064879210902,361.3391399863505,t50
2019,10130,male,egoa,10.53818275212352,81.39948105650458,65.99738277498918,t50
2019,10130,male,wgoa,27.46445445231849,456.48026331451,327.04369696208454,t50
2019,10130,total,cgoa,83.21646472649557,826.2647788801673,665.9411351128199,t50
2019,10130,total,egoa,16.56407108681224,145.7231006009515,119.982257174177,t50
2019,10130,total,wgoa,44.45660132702737,771.4130685974992,575.6550444257404,t50
2019,10200,female,cgoa,104.51687029188564,721.4132390487025,601.6421948733063,t50
2019,10200,female,egoa,49.213223305006224,360.84319619227546,271.2430092388898,t50
2019,10200,female,wgoa,33.77497171166681,392.3647925931803,327.65106678720855,t50
2019,10200,male,cgoa,74.26233481902571,483.13104954353594,411.63320054329984,t50
2019,10200,male,egoa,51.09444410613536,361.73298218592595,283.2199212019706,t50
2019,10200,male,wgoa,25.160903941130925,228.7343877911044,187.63400333541824,t50
2019,10200,total,cgoa,163.7192096182766,1002.172429679572,864.6923817915279,t50
2019,10200,total,egoa,92.7122638897087,568.4950844264032,462.9559666194024,t50
2019,10200,total,wgoa,57.661389736898414,545.5275069337334,462.79770547081773,t50
2019,21720,female,cgoa,36.00863646606692,193.24935565601,137.94634294490243,t50
2019,21720,female,egoa,6.861665657679875,58.663831276534815,58.663831276534815,t50
2019,21720,female,wgoa,18.82378271834245,169.9068084926352,167.07964007175946,t50
2019,21720,male,cgoa,37.93689661741248,204.7132974751997,143.69526784990285,t50
2019,21720,male,egoa,7.933536943966345,55.69053915731904,55.69053915731904,t50
2019,21720,male,wgoa,18.38392052463585,143.51335029716805,140.28952690958562,t50
2019,21720,total,cgoa,47.87056946422431,266.13717305330925,209.89677127084897,t50
2019,21720,total,egoa,12.13374863770199,103.28080674454756,103.28080674454756,t50
2019,21720,total,wgoa,33.95258207045243,281.84162130934834,276.7544759119032,t50
2019,21740,female,cgoa,41.90097153825169,255.35406251688903,190.98587053738967,t50
2019,21740,female,egoa,35.96733831684677,278.7209931119938,210.5670097079072,t50
2019,21740,female,wgoa,44.844499890995,182.5832068278,103.12445877317396,t50
2019,21740,male,cgoa,42.80099031796009,211.90159309518504,154.06143584233374,t50
2019,21740,male,egoa,36.061379407746294,253.33072079267737,184.77463124541663,t50
2019,21740,male,wgoa,31.685482705416955,129.99252752332535,79.88197578839895,t50
2019,21740,total,cgoa,38.34761243381452,178.2513865532511,158.93975617982315,t50
2019,21740,total,egoa,42.31208451851224,335.24449635836834,276.8115254240007,t50
2019,21740,total,wgoa,69.7108925788934,182.07891938619667,131.06867641155847,t50
2019,30060,female,cgoa,128.49501931228048,619.7151045302979,389.89755876318384,t50
2019,30060,female,egoa,61.29912474357444,226.18206239823257,167.14604994348258,t50
2019,30060,female,wgoa,25.875996421135095,130.37528782917593,84.82980711783205,t50
2019,30060,male,cgoa,149.45545608788385,483.66774791601745,330.7057615211052,t50
2019,30060,male,egoa,54.207056743301486,195.97725953082264,148.2280432207546,t50
2019,30060,male,wgoa,35.701441186738336,233.8047705739317,119.63414352398678,t50
2019,30060,total,cgoa,262.06371373099705,792.0920931193853,573.2008118162408,t50
2019,30060,total,egoa,75.27494120359134,244.01154785388243,203.62133479520733,t50
2019,30060,total,wgoa,56.73855726624041,253.37911379039028,164.4602340712417,t50
2019,30420,female,cgoa,33.2447572742469,71.17777726455158,50.95068982991867,t50
2019,30420,female,wgoa,49.57483116421835,209.7054952518684,113.99726027059587,t50
2019,30420,male,cgoa,34.256892351574884,94.35267283015942,47.33034031090081,t50
2019,30420,male,wgoa,24.78117733591572,145.23819904733608,83.48692358434106,t50
2019,30420,total,cgoa,60.929705077351045,135.32274793421308,90.9223507640501,t50
2019,30420,total,wgoa,68.09407059072775,372.6117849814098,204.3267155824555,t50
2021,10130,female,cgoa,62.912983918706225,717.9898161167248,490.9953537897553,t50
2021,10130,female,egoa,14.346713614387994,249.06763922830336,176.34860221714172,t50
2021,10130,female,wgoa,30.522533713614788,402.52787291924784,226.7086789185742,t50
2021,10130,male,cgoa,51.729963505375885,694.903953536287,487.48464149150976,t50
2021,10130,male,egoa,14.355246929702352,216.02035336036928,164.04584354665033,t50
2021,10130,male,wgoa,19.805088939354697,368.58948118890066,200.08926756178337,t50
2021,10130,total,cgoa,107.03880765869778,1188.3159536946505,862.473584285982,t50
2021,10130,total,egoa,27.655944902072815,372.2217440558484,288.76896500103317,t50
2021,10130,total,wgoa,49.8970947974651,615.0079336185742,372.732673316772,t50
2021,21720,female,cgoa,68.49360472677563,414.75085220512034,396.88557381291,t50
2021,21720,female,egoa,15.177748986268996,91.28746005300228,85.97792617706685,t50
2021,21720,female,wgoa,31.300601151480393,256.2633369618247,230.50314888259052,t50
2021,21720,male,cgoa,60.19163243524111,377.7531798793691,361.81420773280894,t50
2021,21720,male,egoa,8.77953801838217,81.63600656612361,76.11687282862037,t50
2021,21720,male,wgoa,37.64402954431332,225.55629416795307,203.27464897696208,t50
2021,21720,total,cgoa,98.61143165790403,696.8640072949393,669.6724876035149,t50
2021,21720,total,egoa,20.57402039363348,157.56147161284323,149.69861004257882,t50
2021,21720,total,wgoa,56.985121424588016,398.17462346471143,365.4515682766929,t50
2021,21740,female,cgoa,34.9656312430151,179.62590754947053,152.2871422996233,t50
2021,21740,female,egoa,41.71231375245832,191.75472225638632,150.30229657433316,t50
2021,21740,female,wgoa,31.675355328867553,253.6193925173569,153.6356353644781,t50
2021,21740,male,cgoa,33.413937635451376,139.477465292434,118.03658069014924,t50
2021,21740,male,egoa,31.967861164064825,120.07232942501956,96.89499812324718,t50
2021,21740,male,wgoa,31.713223714607743,224.50028808249465,138.38927739919404,t50
2021,21740,total,cgoa,36.06741725523914,189.65337382877445,171.50316555450624,t50
2021,21740,total,egoa,40.73549108671382,166.89195494257658,148.13936242775708,t50
2021,21740,total,wgoa,42.30407268147213,289.9872750190118,215.6029357382524,t50
2021,30060,female,cgoa,83.43485414618061,167.4941892428416,125.17270330016416,t50
2021,30060,female,egoa,76.88978555559017,314.1156480932485,226.6326705536611,t50
2021,30060,female,wgoa,23.06421202959052,88.83693068165829,49.102452607590195,t50
2021,30060,male,cgoa,122.97418210158928,184.93549736307648,147.28541052469285,t50
2021,30060,male,egoa,75.76513362750153,272.95190192984523,207.07013545472427,t50
2021,30060,male,wgoa,22.97672262496547,106.50297428735558,54.18079840700506,t50
2021,30060,total,cgoa,178.7765835106871,234.1975045615899,196.75845648080505,t50
2021,30060,total,egoa,117.40611943225385,349.1272534472129,289.0093827263795,t50
2021,30060,total,wgoa,43.23043732252725,131.11613155516406,82.4717048092483,t50
2021,30420,female,cgoa,26.315247001950283,32.86761040652246,22.237729222702846,t50
2021,30420,female,wgoa,66.44163147699368,175.5005349541445,102.00288857555512,t50
2021,30420,male,cgoa,37.64670871492636,100.07314985565098,57.53447528505932,t50
2021,30420,male,wgoa,58.09453159739322,146.79681382897255,95.51098060619516,t50
2021,30420,total,cgoa,59.095710957409416,115.19868184582074,73.10441821531916,t50
2021,30420,total,wgoa,124.95816320125458,248.62754512516037,170.21044838690017,t50
2017,10110,female,cgoa,199.65521221759437,2589.872066939309,2195.381692099686,t100
2017,10110,female,egoa,52.17757799725299,565.5888886817911,482.9020646765195,t100
2017,10110,female,wgoa,65.93716705106652,622.0468666343475,584.4733753041351,t100
2017,10110,male,cgoa,87.01177324642097,1351.3249053930724,1118.3130053048856,t100
2017,10110,male,egoa,38.74428991494559,353.17085209489454,308.4127067995369,t100
2017,10110,male,wgoa,30.281931221678253,444.3910450055561,401.42198182358953,t100
2017,10110,total,cgoa,276.9129608776629,3431.7117422138012,2933.030095556898,t100
2017,10110,total,egoa,80.09352143161958,700.1298058960183,623.139504640432,t100
2017,10110,total,wgoa,89.49862214607874,982.7925103072786,915.5931904114336,t100
2017,10130,female,cgoa,56.95755242207886,825.5093606003892,759.3673654835306,t100
2017,10130,female,egoa,11.270964457273354,138.25567291475045,133.4598333227453,t100
2017,10130,female,wgoa,28.82465167198086,484.15272826135646,399.21613251168424,t100
2017,10130,male,cgoa,54.94103598414536,922.2458258082968,844.2122646778854,t100
2017,10130,male,egoa,7.311628911039552,168.65732940693482,160.25519676477376,t100
2017,10130,male,wgoa,24.65737064526484,369.9072963843208,310.0172318315844,t100
2017,10130,total,cgoa,108.05368659950872,1617.4648782758466,1499.5601826556335,t100
2017,10130,total,egoa,18.26131329346222,273.05564030746444,261.8760701777574,t100
2017,10130,total,wgoa,48.13130051226486,686.8490680674898,589.814553164515,t100
2017,10200,female,cgoa,84.8981311134783,546.6522388284789,535.9604358355185,t100
2017,10200,female,egoa,32.23265026470523,320.90162823242656,314.8708021791686,t100
2017,10200,female,wgoa,32.426014207449875,351.6053752362134,344.8788771211232,t100
2017,10200,male,cgoa,54.13185721768213,279.0090467531929,273.8999358206057,t100
2017,10200,male,egoa,40.941259070897594,280.1171371077278,272.05155260832674,t100
2017,10200,male,wgoa,16.507084070027688,152.17473759307896,144.5688312355584,t100
2017,10200,total,cgoa,117.13241560421918,638.3944015539084,627.4665436696515,t100
2017,10200,total,egoa,66.38156267874672,527.9382757394712,518.2758264351635,t100
2017,10200,total,wgoa,47.08580541844807,381.5950895132482,369.5347992176221,t100
2017,10261,female,cgoa,103.96691754517308,273.7616756395118,260.5793549871395,t100
2017,10261,female,wgoa,35.11742165666218,529.8655221119135,493.7895594505914,t100
2017,10261,male,cgoa,66.7497482179373,212.25975665188557,197.4273446233064,t100
2017,10261,male,wgoa,17.369322059499435,361.1988059037185,329.95278226866657,t100
2017,10261,total,cgoa,154.94662560067957,412.05639947579925,391.41434241083107,t100
2017,10261,total,wgoa,48.642146125700975,706.7970016927513,665.4269113349721,t100
2017,21720,female,cgoa,30.10042103977874,246.52591675208177,246.52591675208177,t100
2017,21720,female,egoa,3.3211009006652605,29.316911353641277,29.316911353641277,t100
2017,21720,female,wgoa,31.828999481550287,215.85627387114215,215.85627387114215,t100
2017,21720,male,cgoa,24.500766834062265,181.56645367435328,181.56645367435328,t100
2017,21720,male,egoa,2.832803977420894,33.157858030458144,33.157858030458144,t100
2017,21720,male,wgoa,27.245204743952197,194.82790178945973,194.82790178945973,t100
2017,21720,total,cgoa,41.55120341262188,357.59545624194243,357.59545624194243,t100
2017,21720,total,egoa,4.718377919422166,63.41129946494533,63.41129946494533,t100
2017,21720,total,wgoa,50.049552946225305,346.6953175471546,346.6953175471546,t100
2017,21740,female,cgoa,42.211589574057435,151.533800816347,146.86040795325957,t100
2017,21740,female,egoa,15.214733152629028,39.5778126037998,39.16596331398015,t100
2017,21740,female,wgoa,45.504346270926206,140.98807801877376,104.80464998220448,t100
2017,21740,male,cgoa,27.290661364083768,99.75604651421662,97.9370444190116,t100
2017,21740,male,egoa,18.20384820924175,32.068267667922136,31.84647483867398,t100
2017,21740,male,wgoa,41.97361155893362,91.83520518774684,70.84584831356975,t100
2017,21740,total,cgoa,43.97960007655798,234.35184742965257,228.55340958949,t100
2017,21740,total,egoa,37.57593612875309,46.38075957501026,46.196118081020906,t100
2017,21740,total,wgoa,83.27353456191649,172.7758451452693,141.34886926904886,t100
2017,30060,female,cgoa,96.63523748292766,184.83212988653457,165.61964368006318,t100
2017,30060,female,egoa,42.17474639672539,204.81976941082743,184.7709173928938,t100
2017,30060,female,wgoa,14.43228170295831,50.31523340389885,44.87321913550663,t100
2017,30060,male,cgoa,83.67488367040811,226.2050306839738,204.02506687485123,t100
2017,30060,male,egoa,44.841480913027056,240.16074411327625,210.3736853353552,t100
2017,30060,male,wgoa,16.227731205896593,43.858588699345205,39.65572411053126,t100
2017,30060,total,cgoa,161.50803839239742,309.46328266058816,286.4519327848845,t100
2017,30060,total,egoa,80.53326933846603,328.0261878614008,300.2149334344867,t100
2017,30060,total,wgoa,23.84493748204797,56.071506853115906,52.55564435766001,t100
2017,30420,female,cgoa,61.66541561541813,53.74089372426768,49.15637576386805,t100
2017,30420,female,wgoa,31.890778203009983,51.15769922460477,48.09084978818382,t100
2017,30420,male,cgoa,44.5057978467986,85.26576799396834,71.77760305236664,t100
2017,30420,male,wgoa,34.50764567143919,107.99911250037108,98.0789551853418,t100
2017,30420,total,cgoa,95.46933417760852,106.84176498331188,96.11848567231648,t100
2017,30420,total,wgoa,62.92011611243654,116.9171720310079,110.62653995042562,t100
2019,10110,female,cgoa,194.07722912836203,2492.2008544378727,2190.482391763475,t100
2019,10110,female,egoa,49.22251159148476,559.1161831644989,537.0753762133526,t100
2019,10110,female,wgoa,85.1584734342782,1455.054700906902,1204.4176409297136,t100
2019,10110,male,cgoa,101.84977318375785,1242.1848270855594,1093.5300185053854,t100
2019,10110,male,egoa,45.48810742762907,642.0932070614183,594.3682572441862,t100
2019,10110,male,wgoa,38.4931560315484,972.2257609253084,752.2553670396578,t100
2019,10110,total,cgoa,274.57511141525873,2996.322939964133,2699.5134744924176,t100
2019,10110,total,egoa,83.62896989401368,998.1049722241944,954.7864045080964,t100
2019,10110,total,wgoa,120.08448920175158,2048.9975030992164,1708.9561073374855,t100
2019,10130,female,cgoa,46.33487397569095,633.0395763387129,606.1628183547675,t100
2019,10130,female,egoa,8.35525098439394,123.7332761834248,117.3600004945959,t100
2019,10130,female,wgoa,22.102300703349243,440.4459400562963,420.1101162208122,t100
2019,10130,male,cgoa,47.335268911221455,479.83960460458223,461.6852899612065,t100
2019,10130,male,egoa,9.991275065497408,88.5825717327859,85.04746450358587,t100
2019,10130,male,wgoa,27.83132217583331,444.7838563114433,427.5534324771295,t100
2019,10130,total,cgoa,85.48545309164653,874.3423233538051,845.118588569623,t100
2019,10130,total,egoa,16.371673841438174,158.97627534340378,153.60468652451414,t100
2019,10130,total,wgoa,45.206737165406224,753.9087287093552,726.0453834733668,t100
2019,10200,female,cgoa,106.46654907444136,682.8165507321957,669.3011110313626,t100
2019,10200,female,egoa,48.79926677463457,360.8667112681383,335.87807139869864,t100
2019,10200,female,wgoa,34.724766254155455,375.4693931589077,371.3163111264923,t100
2019,10200,male,cgoa,73.31503597241047,475.8306715948337,467.52829068768614,t100
2019,10200,male,egoa,49.57003240006449,371.5985545499175,356.6161758809029,t100
2019,10200,male,wgoa,21.33530983922908,222.91860688042007,217.71296934411328,t100
2019,10200,total,cgoa,159.0504878812523,986.2199343651909,969.7725983768884,t100
2019,10200,total,egoa,93.28674743856472,569.9007743393707,544.9675589842808,t100
2019,10200,total,wgoa,58.062012837852826,532.7406986950703,524.0801021369211,t100
2019,21720,female,cgoa,33.403962065612205,175.8149212785126,160.5968812828069,t100
2019,21720,female,egoa,7.086201589509378,59.38732128185505,59.38732128185505,t100
2019,21720,female,wgoa,17.492051602549783,170.58937815605722,170.58937815605722,t100
2019,21720,male,cgoa,32.866522303266166,183.8460498046711,167.68297617831706,t100
2019,21720,male,egoa,7.483569614051306,56.04318639149604,56.04318639149604,t100
2019,21720,male,wgoa,18.71237479635744,148.28088771615938,148.28088771615938,t100
2019,21720,total,cgoa,41.456263273660426,236.2765862162432,221.37417157862853,t100
2019,21720,total,egoa,12.255328667014163,107.68337024032516,107.68337024032516,t100
2019,21720,total,wgoa,32.94376413112338,291.3344196216318,291.3344196216318,t100
2019,21740,female,cgoa,43.12623266011561,259.84795242657975,232.10102591257817,t100
2019,21740,female,egoa,35.08730237433271,263.1964997456738,237.8460474858128,t100
2019,21740,female,wgoa,43.22282918029551,172.75543478152332,144.98770624576542,t100
2019,21740,male,cgoa,42.279426927444106,214.72572383146692,190.40443769845055,t100
2019,21740,male,egoa,37.309616461389034,246.92059184938375,217.79456945461837,t100
2019,21740,male,wgoa,29.91016465213764,119.16675632087878,99.9685495068676,t100
2019,21740,total,cgoa,37.35012944135238,168.7494628650445,161.10025133710485,t100
2019,21740,total,egoa,42.51168870121713,319.9208048147229,297.99341560777214,t100
2019,21740,total,wgoa,64.67320116021784,171.19308475102477,154.81774382266642,t100
2019,30060,female,cgoa,130.52992722276772,615.3151325731561,525.8146578404754,t100
2019,30060,female,egoa,60.97713623566332,219.3938627970659,198.1264765366709,t100
2019,30060,female,wgoa,26.132832873965032,127.89011810035603,108.3910055916507,t100
2019,30060,male,cgoa,151.14262286081447,476.4301477519089,413.8437669426707,t100
2019,30060,male,egoa,54.25751190229197,190.78231930400335,177.17362859367128,t100
2019,30060,male,wgoa,34.75399476459331,242.97066385325684,188.5660147765871,t100
2019,30060,total,cgoa,265.58175555542704,770.2854015746656,693.1621899914613,t100
2019,30060,total,egoa,75.098105537192,236.83267421716883,225.03882852986405,t100
2019,30060,total,wgoa,57.43716319461739,257.05806344036694,220.4659883371683,t100
2019,30420,female,cgoa,35.199936255573306,67.63944347731307,61.15283283119633,t100
2019,30420,female,wgoa,52.746629380508224,222.7754459445385,190.49610369659905,t100
2019,30420,male,cgoa,33.29256773400569,89.04259569854146,72.45790632125974,t100
2019,30420,male,wgoa,25.52140373664059,145.795108045244,121.75434362302016,t100
2019,30420,total,cgoa,62.31236462925528,129.36788188305343,114.02852823947812,t100
2019,30420,total,wgoa,71.78438536466544,370.26018020932776,309.64184764851973,t100
2021,10130,female,cgoa,64.29820425006368,702.560232093729,650.5760457492323,t100
2021,10130,female,egoa,14.903132638718912,245.11127751228963,224.7097999534159,t100
2021,10130,female,wgoa,30.4710157906645,418.5171097241866,341.1063577827319,t100
2021,10130,male,cgoa,49.69745189957485,699.3739305668961,644.9673376849678,t100
2021,10130,male,egoa,14.099811803816625,217.49334774023237,205.16868093435545,t100
2021,10130,male,wgoa,20.304987521546774,377.1728450093864,305.29797793976775,t100
2021,10130,total,cgoa,103.58022424016718,1157.2657080810245,1084.256329609006,t100
2021,10130,total,egoa,26.62330029943693,373.9669508510585,352.8273085695508,t100
2021,10130,total,wgoa,49.49791045062497,636.8657746069147,537.4930706577451,t100
2021,21720,female,cgoa,74.25920482925723,409.14787013856306,409.0989135704816,t100
2021,21720,female,egoa,14.113255972973494,92.45934012394952,92.400825218376,t100
2021,21720,female,wgoa,32.372561496999566,239.0638782196431,235.57879319644985,t100
2021,21720,male,cgoa,61.267380918057974,383.0194891148595,382.9526351521005,t100
2021,21720,male,egoa,8.89804080311448,77.45579604503192,77.43060095574921,t100
2021,21720,male,wgoa,37.193026459021034,223.6555021298288,220.59971986283023,t100
2021,21720,total,cgoa,108.59189358928172,683.3420488116841,683.2385442137296,t100
2021,21720,total,egoa,20.582413861162696,151.97332593705795,151.9094337143272,t100
2021,21720,total,wgoa,59.469472688290814,381.474958746842,376.962812753233,t100
2021,21740,female,cgoa,33.56186741480509,172.63458469022572,166.35832450757798,t100
2021,21740,female,egoa,37.74994371093742,184.04303805661377,165.5936439250018,t100
2021,21740,female,wgoa,31.00821968556614,264.6642670658481,210.0663975304948,t100
2021,21740,male,cgoa,31.797629006819005,138.43661831813571,132.30164479964677,t100
2021,21740,male,egoa,28.65240045228335,113.7914514573902,103.67892532895002,t100
2021,21740,male,wgoa,31.646659720282557,231.39136678530727,189.4978518315826,t100
2021,21740,total,cgoa,34.41105157869996,184.62120438590833,180.42871833610428,t100
2021,21740,total,egoa,36.44200312606656,154.39300437447108,146.09293244689422,t100
2021,21740,total,wgoa,41.55228264102224,297.69845933960175,261.0386058737616,t100
2021,30060,female,cgoa,82.57280027992309,166.05591307185605,151.4293030346822,t100
2021,30060,female,egoa,82.10491508621331,354.30546965880654,315.6152440427226,t100
2021,30060,female,wgoa,21.52654579069107,95.66926229464684,73.63325663347597,t100
2021,30060,male,cgoa,119.45169289349828,178.57030411853086,165.05648314375412,t100
2021,30060,male,egoa,79.34611975705776,305.6125375050021,274.88260776833465,t100
2021,30060,male,wgoa,23.377574460836023,111.17416120871114,85.03885338991415,t100
2021,30060,total,cgoa,172.53186204595278,229.8739212677302,217.0787902242128,t100
2021,30060,total,egoa,126.56842944793752,399.0887844076124,373.71454143834785,t100
2021,30060,total,wgoa,43.60075455828746,140.28994006917776,116.04898629165672,t100
2021,30420,female,cgoa,26.664295629899815,30.109746095783603,27.162340165967343,t100
2021,30420,female,wgoa,68.9468140489211,168.50508312408283,145.44470738588484,t100
2021,30420,male,cgoa,37.68410909662236,100.71323995890694,83.63326577533738,t100
2021,30420,male,wgoa,60.309387916558755,150.51555626353496,134.74343839689746,t100
2021,30420,total,cgoa,59.5001558302978,113.52855301821404,98.75060596750669,t100
2021,30420,total,wgoa,127.03480524596232,234.924159600986,213.5907612462779,t100
2017,10110,female,cgoa,197.22949700733145,2669.2576663587424,2573.2767199969653,t150
2017,10110,female,egoa,52.84378200720084,578.1938882019542,553.2117955553991,t150
2017,10110,female,wgoa,69.04996538408132,644.6077476180282,636.2373834764878,t150
2017,10110,male,cgoa,83.80119428301734,1336.8750328385738,1278.3673674702882,t150
2017,10110,male,egoa,39.79079439767271,346.45963847933825,335.63309709347095,t150
2017,10110,male,wgoa,33.5815578960593,445.60378485042907,432.4787071652829,t150
2017,10110,total,cgoa,271.55894692013896,3464.216809155281,3358.3190932379284,t150
2017,10110,total,egoa,82.1673633548212,699.4862613167458,680.1232377666553,t150
2017,10110,total,wgoa,99.68809157693735,1017.0227094159588,999.661129319662,t150
2017,10130,female,cgoa,51.22476767241451,775.2126469149325,772.5115569410848,t150
2017,10130,female,egoa,11.299672293281873,132.53714544857877,131.77641697134973,t150
2017,10130,female,wgoa,28.25702604802121,464.1518025191935,447.1584545780483,t150
2017,10130,male,cgoa,55.365159266297425,809.4799384229719,807.0962013465399,t150
2017,10130,male,egoa,5.065445290116273,154.56366837261234,152.90035268915105,t150
2017,10130,male,wgoa,24.364979367594437,346.901932920423,339.5999220641805,t150
2017,10130,total,cgoa,104.75300256255152,1447.5800054694282,1443.4325199251352,t150
2017,10130,total,egoa,15.963040181444082,260.8612059267924,259.09772213417904,t150
2017,10130,total,wgoa,49.61956238069678,647.8073211258907,633.0722877734462,t150
2017,10200,female,cgoa,82.58513205507514,559.72767757018,559.72767757018,t150
2017,10200,female,egoa,31.38499454531047,314.1626953031828,313.43503474682893,t150
2017,10200,female,wgoa,31.68697861250557,350.1384181500503,350.1384181500503,t150
2017,10200,male,cgoa,51.869610643056575,283.44850555444367,283.44850555444367,t150
2017,10200,male,egoa,40.58194793081346,265.24598700908575,264.5613406856585,t150
2017,10200,male,wgoa,16.6070888283775,152.8470735245278,152.8470735245278,t150
2017,10200,total,cgoa,111.3117199975739,646.3729786256387,646.3729786256387,t150
2017,10200,total,egoa,68.058812509285,507.8723522859946,507.2064218878602,t150
2017,10200,total,wgoa,47.5723880376706,386.7969572793229,386.7969572793229,t150
2017,10261,female,cgoa,98.39949965874388,276.85281375470026,276.7367987557986,t150
2017,10261,female,wgoa,35.792160405148415,533.5404739460585,524.121449053954,t150
2017,10261,male,cgoa,69.4138739028441,218.28279365305693,217.87878733277628,t150
2017,10261,male,wgoa,17.027364083031646,359.64549596289163,353.29302509733094,t150
2017,10261,total,cgoa,152.74247218516345,422.8326023591583,422.34329291519776,t150
2017,10261,total,wgoa,48.20983424968441,721.7190608912572,709.5470012450846,t150
2017,21720,female,cgoa,28.065541859169283,251.08019440933785,251.08019440933785,t150
2017,21720,female,egoa,3.3949274930801816,29.680239683772097,29.680239683772097,t150
2017,21720,female,wgoa,33.690697855281265,226.9144104993174,226.9144104993174,t150
2017,21720,male,cgoa,25.124245644376696,191.2866163743607,191.2866163743607,t150
2017,21720,male,egoa,3.026444429464758,34.011956417595094,34.011956417595094,t150
2017,21720,male,wgoa,27.873580784312686,206.5720792000432,206.5720792000432,t150
2017,21720,total,cgoa,40.69252520991911,366.29968041645947,366.29968041645947,t150
2017,21720,total,egoa,3.993837303985674,64.35243607525999,64.35243607525999,t150
2017,21720,total,wgoa,53.29492643111288,371.8275902927111,371.8275902927111,t150
2017,21740,female,cgoa,42.991839094771706,160.2383508685244,158.66497534199146,t150
2017,21740,female,egoa,22.9878458317483,41.286324498487595,41.29771261365144,t150
2017,21740,female,wgoa,49.88762823792029,150.18552679456454,135.6904585886452,t150
2017,21740,male,cgoa,26.593334840521283,99.71999073411752,98.67421393637264,t150
2017,21740,male,egoa,23.58229365934883,34.38854736514933,34.3483854013396,t150
2017,21740,male,wgoa,35.78137719647838,96.85654785281488,87.75680360156332,t150
2017,21740,total,cgoa,45.90219321618902,234.5290670732361,232.01730458967927,t150
2017,21740,total,egoa,49.85283173741238,47.413055073138906,47.42106339560357,t150
2017,21740,total,wgoa,74.71165144247229,188.36218826732613,173.83106232252393,t150
2017,30060,female,cgoa,92.1268854624011,169.76785227494057,168.44752565671027,t150
2017,30060,female,egoa,44.465984487886395,206.89803727889213,202.5542208694851,t150
2017,30060,female,wgoa,16.876696398740876,57.472863969282614,54.209743164456874,t150
2017,30060,male,cgoa,85.77380988946294,210.48083372337183,209.36977540180712,t150
2017,30060,male,egoa,45.98504568302121,249.78829900282363,241.75732894470588,t150
2017,30060,male,wgoa,17.593631576070692,48.866852745860655,46.36487915434764,t150
2017,30060,total,cgoa,157.76542683025883,282.25742043112433,281.1309173421826,t150
2017,30060,total,egoa,84.13467882723376,329.751389008866,323.47865967468374,t150
2017,30060,total,wgoa,25.624180962855924,64.164635734642,62.0239987115555,t150
2017,30420,female,cgoa,61.0899394187465,53.30321038191535,52.94082261103765,t150
2017,30420,female,wgoa,32.274873648646974,52.91906247092595,52.821537786490154,t150
2017,30420,male,cgoa,43.36262964948273,79.95093238943278,79.12754974529366,t150
2017,30420,male,wgoa,33.10757005871276,110.45380023826309,108.81841580031596,t150
2017,30420,total,cgoa,93.77468541450746,103.828784760511,103.1345332109246,t150
2017,30420,total,wgoa,63.576831961527695,118.54183688730122,117.910408630264,t150
2019,10110,female,cgoa,194.56194851225365,2532.2195945200992,2465.3072679675315,t150
2019,10110,female,egoa,49.66773912104402,548.7118658382387,548.0702894446264,t150
2019,10110,female,wgoa,82.59793748436896,1504.9422333259458,1415.260801837578,t150
2019,10110,male,cgoa,109.11720127524424,1271.9670648276294,1235.3647413096546,t150
2019,10110,male,egoa,43.96594787285699,658.5683089036079,658.510370114743,t150
2019,10110,male,wgoa,38.95057821280259,980.8123451934082,879.5809795746468,t150
2019,10110,total,cgoa,288.99815728021036,3092.7853637146386,3020.5009642728255,t150
2019,10110,total,egoa,85.09901420148442,993.770249417975,993.1359447114974,t150
2019,10110,total,wgoa,118.11264338975816,2089.5107722902426,1955.140260258221,t150
2019,10130,female,cgoa,45.37973807458794,606.0149090050769,604.800825677139,t150
2019,10130,female,egoa,8.469955718322636,122.48110192190283,121.83152627383126,t150
2019,10130,female,wgoa,21.702436620068926,423.818319546083,423.5796745661887,t150
2019,10130,male,cgoa,46.21853861019592,446.6067679074177,442.5987937560241,t150
2019,10130,male,egoa,9.811793111555652,85.2038469476159,84.75956698910974,t150
2019,10130,male,wgoa,27.28655474750614,438.1881709906571,438.01863636490697,t150
2019,10130,total,cgoa,83.19864702081337,803.5954242716531,799.9491569700037,t150
2019,10130,total,egoa,16.15067127837298,152.1544587534407,151.35818939330525,t150
2019,10130,total,wgoa,45.40527190309578,740.4729716389772,740.2669453538804,t150
2019,10200,female,cgoa,103.00927030229798,700.9585079224366,699.3605525302123,t150
2019,10200,female,egoa,48.430925115122264,359.92544773569404,356.34010746958523,t150
2019,10200,female,wgoa,33.5693681159695,386.6738168099339,386.6738168099339,t150
2019,10200,male,cgoa,71.82116689858236,458.5038328295639,457.67634288577057,t150
2019,10200,male,egoa,50.62278807415097,362.4845081426177,361.96771965485505,t150
2019,10200,male,wgoa,22.43143045159816,233.58668829816173,233.58668829816173,t150
2019,10200,total,cgoa,161.67528614562923,977.0068306255408,975.6283495890582,t150
2019,10200,total,egoa,94.12122820135112,572.2434801394304,569.0182399462433,t150
2019,10200,total,wgoa,55.27988626148877,550.7183348796214,550.7183348796214,t150
2019,21720,female,cgoa,31.726283311162454,176.76745626369407,173.86536806190193,t150
2019,21720,female,egoa,6.8666749577746105,58.38296160501814,58.38296160501814,t150
2019,21720,female,wgoa,17.022301787887503,167.1793609149326,167.1793609149326,t150
2019,21720,male,cgoa,34.61924473871234,185.762827759318,182.8357900940955,t150
2019,21720,male,egoa,7.0807819412190796,54.83981293729784,54.83981293729784,t150
2019,21720,male,wgoa,17.94206351585112,142.16785544836733,142.16785544836733,t150
2019,21720,total,cgoa,41.70768356963743,237.60093640311905,234.9925597941776,t150
2019,21720,total,egoa,11.799717842027462,103.21546716317395,103.21546716317395,t150
2019,21720,total,wgoa,31.77019178803023,280.06649128283516,280.06649128283516,t150
2019,21740,female,cgoa,41.1882774770391,247.18110002843875,237.1963515349876,t150
2019,21740,female,egoa,34.0099698486492,269.9656968166832,257.0865403785028,t150
2019,21740,female,wgoa,46.130730557004874,184.6419741700748,172.70524351355724,t150
2019,21740,male,cgoa,41.24289868671434,205.39031542055784,198.89011306628535,t150
2019,21740,male,egoa,34.55071170723583,241.53399637882103,225.73055167588132,t150
2019,21740,male,wgoa,29.775051708170007,130.83437326791486,123.43062426371417,t150
2019,21740,total,cgoa,36.89633850173422,169.61191751126643,167.8564720187622,t150
2019,21740,total,egoa,39.655928874508625,320.67861130143615,309.49976578228336,t150
2019,21740,total,wgoa,72.00254656235846,187.1754821580923,179.9007042159766,t150
2019,30060,female,cgoa,131.9275631941295,582.28645778916,559.6453493973993,t150
2019,30060,female,egoa,61.51534308026214,232.65088183980353,228.6707812506153,t150
2019,30060,female,wgoa,26.282184213486083,122.61481198308616,117.7262284357863,t150
2019,30060,male,cgoa,151.4601263922619,467.5798538429874,455.0216779358198,t150
2019,30060,male,egoa,56.44873138951629,206.3857303545218,202.94286025585023,t150
2019,30060,male,wgoa,34.516164282738195,224.5739174527125,212.3775920664069,t150
2019,30060,total,cgoa,265.9300997676042,752.3286188385769,735.0786346487369,t150
2019,30060,total,egoa,76.89862316748949,255.75525107935283,253.20770564115335,t150
2019,30060,total,wgoa,55.10581060934947,240.0612311861779,231.56285963537184,t150
2019,30420,female,cgoa,35.74974536973026,59.69454441755134,59.15328438561836,t150
2019,30420,female,wgoa,50.934224024333254,210.3669618104832,205.8356795206428,t150
2019,30420,male,cgoa,34.912179678998925,92.92537524891044,90.6821401438512,t150
2019,30420,male,wgoa,24.98290016205234,152.95879426930355,148.63570155714072,t150
2019,30420,total,cgoa,64.77285145538242,116.35199064483692,115.02836927164472,t150
2019,30420,total,wgoa,68.27676680910561,390.0549791939219,378.7287828844568,t150
2021,10130,female,cgoa,64.8543105557536,706.4111243577019,696.105073414035,t150
2021,10130,female,egoa,14.359391240272936,240.01789437004308,238.8768167880592,t150
2021,10130,female,wgoa,31.80992207129301,400.36554031853905,381.7492426290788,t150
2021,10130,male,cgoa,50.19750269828515,732.4744957487892,716.9616317258087,t150
2021,10130,male,egoa,14.515148752391804,211.65750500458432,210.16272809851463,t150
2021,10130,male,wgoa,19.619505749913426,374.0854315230676,354.2302784044684,t150
2021,10130,total,cgoa,107.71276683815734,1229.7082147973942,1210.640590116847,t150
2021,10130,total,egoa,27.80905475221936,366.9340223661323,364.5939511216182,t150
2021,10130,total,wgoa,51.32384854452722,623.203785680438,597.503828345523,t150
2021,21720,female,cgoa,72.39184942709842,419.2618390881443,419.2618390881443,t150
2021,21720,female,egoa,14.770069525540386,91.07492175832247,91.07492175832247,t150
2021,21720,female,wgoa,31.775388377204123,250.98537395079023,250.81033504016705,t150
2021,21720,male,cgoa,56.60294596134225,381.1987323505941,381.1987323505941,t150
2021,21720,male,egoa,9.06901561746966,79.65964389918986,79.65964389918986,t150
2021,21720,male,wgoa,38.393991653288055,225.66725956439225,224.75353958996337,t150
2021,21720,total,cgoa,100.73214492509116,703.0648507382923,703.0648507382923,t150
2021,21720,total,egoa,20.741037775994293,155.70983004575194,155.70983004575194,t150
2021,21720,total,wgoa,57.53825476702887,393.4611571205757,392.589180901417,t150
2021,21740,female,cgoa,35.00630365164028,175.42031118962288,173.0346019984914,t150
2021,21740,female,egoa,37.82185705369924,185.84965185165552,173.98747678337605,t150
2021,21740,female,wgoa,28.98637502114157,250.36306420943856,228.08556635358485,t150
2021,21740,male,cgoa,33.3614080101605,139.44336520313692,137.88087308848347,t150
2021,21740,male,egoa,28.19475495104535,114.53287082916016,109.50295206352384,t150
2021,21740,male,wgoa,30.51423650330217,214.06620149698563,198.2745128288148,t150
2021,21740,total,cgoa,36.26251157463168,185.68156476919216,184.33872854917635,t150
2021,21740,total,egoa,35.9087043251021,154.9104947696863,150.73516695417032,t150
2021,21740,total,wgoa,39.587995647228624,283.2932101662427,270.30728109224106,t150
2021,30060,female,cgoa,80.0401708698543,172.83139377569498,171.2241909792124,t150
2021,30060,female,egoa,78.59121946981116,333.5495267755064,320.98985344944293,t150
2021,30060,female,wgoa,21.526819891825895,96.7328434456099,88.61345742879409,t150
2021,30060,male,cgoa,124.21766098269752,179.8543016488054,179.43291141804357,t150
2021,30060,male,egoa,75.13012820185662,291.9938481516169,284.69259852176054,t150
2021,30060,male,wgoa,21.96330019512741,115.38976006363052,107.49465802648308,t150
2021,30060,total,cgoa,170.62488722379163,232.54345981760733,231.4209543505712,t150
2021,30060,total,egoa,118.91173745117511,375.53133432311887,368.8613103222347,t150
2021,30060,total,wgoa,41.52382716869656,143.87413778081927,136.17306654289817,t150
2021,30420,female,cgoa,27.463743251672685,31.030693710433017,30.359967181080084,t150
2021,30420,female,wgoa,65.56594024818436,164.70223306717622,159.33195675023694,t150
2021,30420,male,cgoa,37.26004038687035,97.02211488729148,93.6338167443165,t150
2021,30420,male,wgoa,61.4269193545427,153.66013268248733,151.53862280234125,t150
2021,30420,total,cgoa,59.374699365601096,110.35028497071036,107.72538704923817,t150
2021,30420,total,wgoa,123.53326316773692,238.18450769382363,233.20503130948,t150
2017,10110,female,cgoa,200.302140348213,2660.67049643408,2654.8336318715487,t200
2017,10110,female,egoa,51.73482739217259,590.5458722708759,585.7725174571765,t200
2017,10110,female,wgoa,67.9970779619171,592.8722090375454,591.118328056879,t200
2017,10110,male,cgoa,87.96793581556176,1337.407679907548,1331.3113607783814,t200
2017,10110,male,egoa,38.03708974761343,352.98385872429964,351.55912077132547,t200
2017,10110,male,wgoa,33.65181362781821,416.992111840408,415.540724489504,t200
2017,10110,total,cgoa,287.75746712763004,3491.1223542257726,3479.341187824291,t200
2017,10110,total,egoa,77.51278185953367,715.4468084540671,712.5996878238504,t200
2017,10110,total,wgoa,95.51045885119844,930.9799530752816,928.152416651628,t200
2017,10130,female,cgoa,55.774007250097576,807.1685013689689,806.8064445428656,t200
2017,10130,female,egoa,11.888207494750386,137.16251773561086,137.16251773561086,t200
2017,10130,female,wgoa,28.323480433701032,458.50874462363697,456.0920048533917,t200
2017,10130,male,cgoa,55.26865301666087,821.0110735235123,820.406988762526,t200
2017,10130,male,egoa,5.60967273444936,164.46899663175617,164.46899663175617,t200
2017,10130,male,wgoa,25.06516705365408,343.6236551793496,342.82539792307847,t200
2017,10130,total,cgoa,106.06172247073998,1480.9939258576435,1480.0550142088528,t200
2017,10130,total,egoa,20.01620656155906,275.6362263184139,275.6362263184139,t200
2017,10130,total,wgoa,48.98320610261552,645.8573341228899,644.3380171422335,t200
2017,10200,female,cgoa,85.79024603080872,565.4738734963615,565.4738734963615,t200
2017,10200,female,egoa,32.59123753545714,301.8550256786488,301.8550256786488,t200
2017,10200,female,wgoa,32.22479643877139,360.70634042204665,360.70634042204665,t200
2017,10200,male,cgoa,53.163728171592304,282.36742757436673,282.36742757436673,t200
2017,10200,male,egoa,41.20378523433102,259.19365765476255,259.19365765476255,t200
2017,10200,male,wgoa,17.463901982372942,147.773641853749,147.773641853749,t200
2017,10200,total,cgoa,114.35659757692876,637.7816923669271,637.7816923669271,t200
2017,10200,total,egoa,67.21785854241033,497.6026845115295,497.6026845115295,t200
2017,10200,total,wgoa,48.343651496468226,371.1981409681171,371.1981409681171,t200
2017,10261,female,cgoa,99.6110120529038,269.3248523658324,269.3248523658324,t200
2017,10261,female,wgoa,34.541930105653705,544.9197554401472,544.5901110117027,t200
2017,10261,male,cgoa,66.54103859313206,207.8809158326617,207.8809158326617,t200
2017,10261,male,wgoa,16.434683031657393,357.5522930600383,356.75846455170296,t200
2017,10261,total,cgoa,145.0016745265419,410.4542678647629,410.4542678647629,t200
2017,10261,total,wgoa,47.115653268402234,718.802428960741,718.2582538426358,t200
2017,21720,female,cgoa,27.84164061489271,244.706462552341,244.706462552341,t200
2017,21720,female,egoa,3.454072470121464,31.188698223368387,31.188698223368387,t200
2017,21720,female,wgoa,31.901013311326995,213.3283981849399,213.3283981849399,t200
2017,21720,male,cgoa,24.204840941499356,184.61108121210964,184.61108121210964,t200
2017,21720,male,egoa,2.7011348199440803,34.534431939646744,34.534431939646744,t200
2017,21720,male,wgoa,26.51655638691466,191.78955054412276,191.78955054412276,t200
2017,21720,total,cgoa,39.38230641657336,358.4099931233717,358.4099931233717,t200
2017,21720,total,egoa,3.785994607812596,67.85717810018754,67.85717810018754,t200
2017,21720,total,wgoa,51.029829414305375,338.0456826601926,338.0456826601926,t200
2017,21740,female,cgoa,42.203376875912674,165.1504362804673,164.91260243338567,t200
2017,21740,female,egoa,19.688489751451492,46.20844677581891,46.20373664309621,t200
2017,21740,female,wgoa,45.71808636464534,141.62133669872193,142.06809914410587,t200
2017,21740,male,cgoa,31.58915905224343,110.07386465148495,109.37109124356208,t200
2017,21740,male,egoa,21.10999390974865,37.972766147815165,37.97054400125692,t200
2017,21740,male,wgoa,34.469146471194406,93.58461794669688,92.95868619973704,t200
2017,21740,total,cgoa,48.6904377697952,253.38409265135283,251.81319435540843,t200
2017,21740,total,egoa,47.0316416357447,53.65595126746226,53.67284164914696,t200
2017,21740,total,wgoa,73.40721888070462,176.69966622148766,176.1794712603954,t200
2017,30060,female,cgoa,95.38533435796283,174.67479357124105,174.62876931947144,t200
2017,30060,female,egoa,41.883513834123946,221.64362330951175,221.61311169358,t200
2017,30060,female,wgoa,16.68632324656769,52.2940837216335,51.772001755142675,t200
2017,30060,male,cgoa,84.49931041271216,189.2684681914519,189.12979618933312,t200
2017,30060,male,egoa,43.60893350025737,247.98188084103543,247.8665107165073,t200
2017,30060,male,wgoa,16.968128831735076,44.445052272196065,43.865465936976626,t200
2017,30060,total,cgoa,159.14194708037235,270.27240626884657,270.2742066065672,t200
2017,30060,total,egoa,81.40172557021762,350.44788067255524,350.3930443485376,t200
2017,30060,total,wgoa,26.602470288475473,58.58575290086355,58.151253508978506,t200
2017,30420,female,cgoa,59.91419433504364,57.17478465306788,57.17478465306788,t200
2017,30420,female,wgoa,32.23213146995051,50.02784599824792,50.02784599824792,t200
2017,30420,male,cgoa,44.972456604090254,89.31884299664742,89.31884299664742,t200
2017,30420,male,wgoa,34.43620653380591,105.94305906113476,105.94305906113476,t200
2017,30420,total,cgoa,93.72536891153784,111.7654732417114,111.7654732417114,t200
2017,30420,total,wgoa,63.43538007621557,111.33734952662871,111.33734952662871,t200
2019,10110,female,cgoa,194.36694585026652,2403.443350841459,2390.123350519681,t200
2019,10110,female,egoa,47.825316856625705,544.9250166924186,544.9250166924186,t200
2019,10110,female,wgoa,87.44098150871565,1479.4245935351598,1448.4223645463198,t200
2019,10110,male,cgoa,107.59875165465374,1250.091120287707,1242.7349592882856,t200
2019,10110,male,egoa,44.57733477668063,640.4297052331318,640.4297052331318,t200
2019,10110,male,wgoa,35.5021869268779,938.3733035859298,909.3096439135892,t200
2019,10110,total,cgoa,287.1973653475347,2919.614983295988,2906.7092977389666,t200
2019,10110,total,egoa,81.19600500452566,964.0399784197176,964.0399784197176,t200
2019,10110,total,wgoa,116.961358690373,2030.2587707394173,1991.8585897471296,t200
2019,10130,female,cgoa,45.12327114862991,627.7924919498846,627.1124041302271,t200
2019,10130,female,egoa,8.225691833204618,125.88982459991678,125.85330488405438,t200
2019,10130,female,wgoa,23.21397335429774,434.79989253789114,434.79989253789114,t200
2019,10130,male,cgoa,46.26259339698019,469.8152238892429,469.0289898548066,t200
2019,10130,male,egoa,11.016074342000964,88.87833766807094,88.73324760112625,t200
2019,10130,male,wgoa,28.40771133798444,454.50039612260974,454.50039612260974,t200
2019,10130,total,cgoa,86.40548803108184,859.092845357743,858.2706619005039,t200
2019,10130,total,egoa,17.79683669285002,160.21722316568275,160.10570171004684,t200
2019,10130,total,wgoa,47.90723442344562,784.7834545086846,784.7834545086846,t200
2019,10200,female,cgoa,107.9339055046733,693.9228627316835,693.9228627316835,t200
2019,10200,female,egoa,50.18508237130411,351.4923659296786,351.4923659296786,t200
2019,10200,female,wgoa,34.62977211882208,385.6862805176694,385.6862805176694,t200
2019,10200,male,cgoa,70.65986645413295,429.05096142816456,429.05096142816456,t200
2019,10200,male,egoa,50.66039128825,358.57162964319576,358.57162964319576,t200
2019,10200,male,wgoa,23.06836121760703,224.4775119121374,224.4775119121374,t200
2019,10200,total,cgoa,158.2955078958573,917.322758770782,917.322758770782,t200
2019,10200,total,egoa,94.84534917736968,567.9228404520043,567.9228404520043,t200
2019,10200,total,wgoa,58.68388046235574,544.4187080042235,544.4187080042235,t200
2019,21720,female,cgoa,33.30614766028755,189.37359772372292,189.37359772372292,t200
2019,21720,female,egoa,7.099580726479768,58.97618182449653,58.97618182449653,t200
2019,21720,female,wgoa,16.691106122281663,167.66213107940246,167.66213107940246,t200
2019,21720,male,cgoa,36.816311311517026,200.31805774153705,200.31805774153705,t200
2019,21720,male,egoa,7.162055587772824,54.86765874141465,54.86765874141465,t200
2019,21720,male,wgoa,18.36567105832278,141.5671383726814,141.5671383726814,t200
2019,21720,total,cgoa,44.47954726057793,259.51446463027787,259.51446463027787,t200
2019,21720,total,egoa,12.013351374483603,101.88924603122634,101.88924603122634,t200
2019,21720,total,wgoa,31.87711327516893,280.75895454532986,280.75895454532986,t200
2019,21740,female,cgoa,40.43261224327827,250.0957215214416,247.07914741224704,t200
2019,21740,female,egoa,36.62056498096515,277.0217778019738,271.24570138160414,t200
2019,21740,female,wgoa,44.54961660654284,199.18461280506247,198.93328757269657,t200
2019,21740,male,cgoa,40.90019978813845,214.405800681722,212.17839323457713,t200
2019,21740,male,egoa,35.91952973905609,251.21109416848932,246.41157740484883,t200
2019,21740,male,wgoa,31.81274923450147,132.61689310078165,132.74091124133832,t200
2019,21740,total,cgoa,37.79164098436543,174.52576813498882,173.96743181171072,t200
2019,21740,total,egoa,42.511360904643134,332.4714043278396,328.18734988684406,t200
2019,21740,total,wgoa,70.74995496134062,195.94388885589532,196.0609113269228,t200
2019,30060,female,cgoa,125.83136099896076,612.1659355227533,611.6146394047784,t200
2019,30060,female,egoa,59.66077951571475,225.71548545936247,225.1240560749661,t200
2019,30060,female,wgoa,26.907250553797308,118.65784352520438,118.39083315062258,t200
2019,30060,male,cgoa,149.47255580822184,496.4624450816533,496.2587565099527,t200
2019,30060,male,egoa,54.17062527574265,194.2490104634743,194.0208567579479,t200
2019,30060,male,wgoa,35.099964013088034,218.5819507813335,217.8793549619173,t200
2019,30060,total,cgoa,261.55851152706475,795.7330496773493,795.5583242504812,t200
2019,30060,total,egoa,74.0956964263328,241.37216315674212,241.14451580229587,t200
2019,30060,total,wgoa,58.6057336845097,228.09222637620508,227.63617474774023,t200
2019,30420,female,cgoa,33.723527780429585,66.04071039835006,66.04071039835006,t200
2019,30420,female,wgoa,50.11018254361452,200.3146143549212,200.3146143549212,t200
2019,30420,male,cgoa,33.02315389788547,90.99029805101212,90.99029805101212,t200
2019,30420,male,wgoa,24.163344092836592,135.6630093570087,135.6630093570087,t200
2019,30420,total,cgoa,60.88921749969022,127.70827461764428,127.70827461764428,t200
2019,30420,total,wgoa,68.74549257231772,341.47476274679667,341.47476274679667,t200
2021,10130,female,cgoa,62.24962076169231,718.5861360309239,716.0006612760245,t200
2021,10130,female,egoa,14.856584237945723,234.723895108,234.723895108,t200
2021,10130,female,wgoa,31.95026722435132,404.5228639627875,404.5228639627875,t200
2021,10130,male,cgoa,49.23892675413326,730.4358078778349,728.4258097217506,t200
2021,10130,male,egoa,14.97906534670334,216.9822644292157,216.9822644292157,t200
2021,10130,male,wgoa,20.922190652083216,376.1861736247843,376.1861736247843,t200
2021,10130,total,cgoa,101.63088463284942,1220.5581614388502,1217.6191905741834,t200
2021,10130,total,egoa,29.315659465464684,372.4416291367391,372.4416291367391,t200
2021,10130,total,wgoa,50.28521170892482,614.0644681515889,614.0644681515889,t200
2021,21720,female,cgoa,74.68795984244261,428.2575223929496,428.2575223929496,t200
2021,21720,female,egoa,15.080035473920788,92.50083174992596,92.50083174992596,t200
2021,21720,female,wgoa,33.933158594065404,249.88417050089723,249.88417050089723,t200
2021,21720,male,cgoa,63.258507984592256,386.1356887453966,386.1356887453966,t200
2021,21720,male,egoa,8.190049915513463,81.76159413291717,81.76159413291717,t200
2021,21720,male,wgoa,39.62644315865328,223.80182933693592,223.80182933693592,t200
2021,21720,total,cgoa,110.187580134236,723.1509774502864,723.1509774502864,t200
2021,21720,total,egoa,21.15644291182232,157.72266488930728,157.72266488930728,t200
2021,21720,total,wgoa,61.265966660884935,392.27645478379577,392.27645478379577,t200
2021,21740,female,cgoa,33.56760444706617,172.91801910329298,172.7112612199995,t200
2021,21740,female,egoa,38.577874375450115,181.1646009548208,174.3368195520065,t200
2021,21740,female,wgoa,30.13274891529405,265.56679018688175,257.63311265325547,t200
2021,21740,male,cgoa,30.73665121759889,136.28056282883443,136.22952187231283,t200
2021,21740,male,egoa,29.9858201532825,112.86562404056556,110.27934083776348,t200
2021,21740,male,wgoa,33.5360355050892,234.03990989176407,227.8033461709745,t200
2021,21740,total,cgoa,34.09976286331559,182.21683157977637,182.10227227632865,t200
2021,21740,total,egoa,37.34853805365809,152.21531861840296,150.06135629250787,t200
2021,21740,total,wgoa,41.9922235706964,301.5583577975364,297.03499902328144,t200
2021,30060,female,cgoa,80.80386045689866,162.43776688523403,162.42792521662426,t200
2021,30060,female,egoa,77.78544423021116,320.4017099976559,319.2646550105158,t200
2021,30060,female,wgoa,22.63504405978829,91.28587639021688,91.28587639021688,t200
2021,30060,male,cgoa,123.73707785730257,176.55890657435418,176.55202953645002,t200
2021,30060,male,egoa,74.12902266631082,278.8813240238364,278.26697452365875,t200
2021,30060,male,wgoa,23.59233805287486,111.90015094071364,111.90015094071364,t200
2021,30060,total,cgoa,174.9877897461385,225.3366877802601,225.333176569969,t200
2021,30060,total,egoa,115.30503783278928,357.98859277844525,357.4288614749354,t200
2021,30060,total,wgoa,43.950732901901496,137.07864278596617,137.07864278596617,t200
2021,30420,female,cgoa,27.274374577397584,31.857769884867828,31.857769884867828,t200
2021,30420,female,wgoa,68.75916338743731,179.14078483190576,179.08329580588045,t200
2021,30420,male,cgoa,38.1662673474767,112.96419790759356,112.96419790759356,t200
2021,30420,male,wgoa,63.16873023152976,154.94236182793966,154.7007678620399,t200
2021,30420,total,cgoa,59.37386969805698,115.84931044190138,115.84931044190138,t200
2021,30420,total,wgoa,129.70698708146756,248.1348054768518,247.86189796039375,t200
2017,10110,female,cgoa,205.85844737074524,2683.5486138029005,2682.9421475329736,t250
2017,10110,female,egoa,52.63564693116628,599.1466140152453,597.99763455059,t250
2017,10110,female,wgoa,68.4690009585384,621.1776861164755,620.9445850404667,t250
2017,10110,male,cgoa,91.07447211557574,1333.552337211745,1332.9118317274151,t250
2017,10110,male,egoa,39.482066380126895,356.1660609114285,355.9048904242351,t250
2017,10110,male,wgoa,34.97964181318764,434.65727247743223,434.132540167754,t250
2017,10110,total,cgoa,280.54653589149893,3526.0617652234027,3524.8970186510765,t250
2017,10110,total,egoa,81.05727267854995,730.349035558782,729.9574020346897,t250
2017,10110,total,wgoa,101.66847830866872,991.2451376778672,990.7917044158272,t250
2017,10130,female,cgoa,55.137151159912406,813.9969287160195,813.9969287160195,t250
2017,10130,female,egoa,12.0932784546032,137.3516015350814,137.3516015350814,t250
2017,10130,female,wgoa,29.078849909294643,470.1892446574096,470.1892446574096,t250
2017,10130,male,cgoa,56.58609432925827,829.6519527814143,829.6519527814143,t250
2017,10130,male,egoa,5.019023915671756,157.7581676654682,157.7581676654682,t250
2017,10130,male,wgoa,26.6522141496509,373.8133957191723,373.8133957191723,t250
2017,10130,total,cgoa,110.46836203281728,1514.2591023900527,1514.2591023900527,t250
2017,10130,total,egoa,16.28022047199514,269.9356055309896,269.9356055309896,t250
2017,10130,total,wgoa,51.95271077689089,686.4955463958757,686.4955463958757,t250
2017,10200,female,cgoa,84.40227708978075,533.0196738183124,533.0196738183124,t250
2017,10200,female,egoa,31.34901709092075,317.059983656782,317.059983656782,t250
2017,10200,female,wgoa,31.869402490838223,350.5025187980409,350.5025187980409,t250
2017,10200,male,cgoa,53.482346927374955,263.1326092319843,263.1326092319843,t250
2017,10200,male,egoa,40.46409653190067,264.1518366365216,264.1518366365216,t250
2017,10200,male,wgoa,15.858919861700786,142.38080138808627,142.38080138808627,t250
2017,10200,total,cgoa,115.13403766551627,602.0040856367066,602.0040856367066,t250
2017,10200,total,egoa,64.91338209279859,517.4141559611854,517.4141559611854,t250
2017,10200,total,wgoa,46.753710291304465,375.7353326680852,375.7353326680852,t250
2017,10261,female,cgoa,100.11917700557562,279.25528606724487,279.25528606724487,t250
2017,10261,female,wgoa,36.82158162233613,526.665327183477,526.665327183477,t250
2017,10261,male,cgoa,71.67750953896841,216.85369170716484,216.85369170716484,t250
2017,10261,male,wgoa,17.558373019138454,359.0240865877152,359.0240865877152,t250
2017,10261,total,cgoa,155.79002006995003,427.9554710911659,427.9554710911659,t250
2017,10261,total,wgoa,51.7899124422612,721.0610053493536,721.0610053493536,t250
2017,21720,female,cgoa,28.095688911746585,242.0686486238778,242.0686486238778,t250
2017,21720,female,egoa,3.3520080191700217,29.484822701365538,29.484822701365538,t250
2017,21720,female,wgoa,31.64234246821542,220.77029868945525,220.77029868945525,t250
2017,21720,male,cgoa,24.594782851744828,187.359808644646,187.359808644646,t250
2017,21720,male,egoa,2.9633300513029788,35.04713706481305,35.04713706481305,t250
2017,21720,male,wgoa,27.012473603165333,198.59133228654275,198.59133228654275,t250
2017,21720,total,cgoa,40.319098382415056,356.40504276488167,356.40504276488167,t250
2017,21720,total,egoa,4.305555445867045,65.67583756299369,65.67583756299369,t250
2017,21720,total,wgoa,50.804858011906646,356.2586079997529,356.2586079997529,t250
2017,21740,female,cgoa,41.763410729086736,153.10026645906936,152.29056639564408,t250
2017,21740,female,egoa,20.274670605157603,43.16838901637776,43.16838901637776,t250
2017,21740,female,wgoa,48.27698963163009,143.3145656115874,142.34988193698564,t250
2017,21740,male,cgoa,27.72967151260754,100.89935006397008,100.73493408274338,t250
2017,21740,male,egoa,22.11541918530813,34.60580988408979,34.60580988408979,t250
2017,21740,male,wgoa,33.89019344909644,93.34664795800418,92.98269266003796,t250
2017,21740,total,cgoa,45.30713292604668,234.06868864391572,233.07701365599843,t250
2017,21740,total,egoa,43.640262423690785,49.51944459309636,49.51944459309636,t250
2017,21740,total,wgoa,75.03792220960806,177.14491875026067,176.16984768099832,t250
2017,30060,female,cgoa,93.3222157176008,178.34200954959212,178.34200954959212,t250
2017,30060,female,egoa,40.08314845721036,224.71199694960575,224.71199694960575,t250
2017,30060,female,wgoa,16.19414531321877,61.81570741023864,61.82121228010429,t250
2017,30060,male,cgoa,81.63362982906075,219.89920244038024,219.89920244038024,t250
2017,30060,male,egoa,45.796204493234434,252.71887745015243,252.71887745015243,t250
2017,30060,male,wgoa,18.99162944207595,53.01537516791009,53.005238171872854,t250
2017,30060,total,cgoa,156.8721159776264,296.46612794731044,296.46612794731044,t250
2017,30060,total,egoa,80.32526905484178,354.1880962870923,354.1880962870923,t250
2017,30060,total,wgoa,28.623922756361456,69.71726613264237,69.72205201069343,t250
2017,30420,female,cgoa,59.32573757802768,58.18932864676964,58.18932864676964,t250
2017,30420,female,wgoa,31.15147419354084,49.50073364516543,49.50073364516543,t250
2017,30420,male,cgoa,45.92165187746469,87.47306233717265,87.47306233717265,t250
2017,30420,male,wgoa,33.99416576077845,105.19906082442913,105.19906082442913,t250
2017,30420,total,cgoa,94.7913143223531,110.55253176731418,110.55253176731418,t250
2017,30420,total,wgoa,64.25102927096482,113.14097745196784,113.14097745196784,t250
2019,10110,female,cgoa,189.1464246099846,2467.7004717896284,2465.941717691917,t250
2019,10110,female,egoa,49.5086169748532,525.17609679043,525.17609679043,t250
2019,10110,female,wgoa,83.05760172936274,1470.3036705044522,1464.8600237132405,t250
2019,10110,male,cgoa,107.35547049270518,1253.321471552776,1253.209753624872,t250
2019,10110,male,egoa,45.466436226838105,647.9670589207799,647.9670589207799,t250
2019,10110,male,wgoa,36.94629702715864,989.216385022829,982.7733015345566,t250
2019,10110,total,cgoa,283.10233768963934,2982.3945242042173,2981.6064984963054,t250
2019,10110,total,egoa,84.88165518839952,954.3268154466072,954.3268154466072,t250
2019,10110,total,wgoa,112.8784268299627,2041.2770324227797,2034.6830243504933,t250
2019,10130,female,cgoa,46.36813323860515,614.2288243858638,614.3164585884251,t250
2019,10130,female,egoa,8.044935514689875,126.7112503534695,126.7112503534695,t250
2019,10130,female,wgoa,23.229438682609683,438.171349724493,438.171349724493,t250
2019,10130,male,cgoa,47.537619101792735,476.0664644478647,475.92828149306933,t250
2019,10130,male,egoa,9.78838566438341,85.28556001153189,85.28556001153189,t250
2019,10130,male,wgoa,26.845763343303297,445.86959402717,445.86959402717,t250
2019,10130,total,cgoa,87.79864689659169,848.0644862179859,848.0094695453782,t250
2019,10130,total,egoa,16.56850568296876,156.1893084718109,156.1893084718109,t250
2019,10130,total,wgoa,45.40165477730803,756.345408459624,756.345408459624,t250
2019,10200,female,cgoa,104.9731167431083,679.5948043709342,679.5948043709342,t250
2019,10200,female,egoa,50.6619147360167,347.750755990275,347.750755990275,t250
2019,10200,female,wgoa,34.702335967765315,388.253150154164,388.253150154164,t250
2019,10200,male,cgoa,74.69545548958625,462.521544823686,462.521544823686,t250
2019,10200,male,egoa,47.947960399643016,350.4080411885263,350.4080411885263,t250
2019,10200,male,wgoa,23.234188081913462,227.51008300849728,227.51008300849728,t250
2019,10200,total,cgoa,163.60742115378653,957.8402402881576,957.8402402881576,t250
2019,10200,total,egoa,92.20226758903536,555.3596003198119,555.3596003198119,t250
2019,10200,total,wgoa,59.291222817850304,543.1072883867315,543.1072883867315,t250
2019,21720,female,cgoa,37.13748026518739,191.027660315433,191.027660315433,t250
2019,21720,female,egoa,6.42965769140396,57.72076505651738,57.72076505651738,t250
2019,21720,female,wgoa,16.544946340248828,169.39483894613036,169.39483894613036,t250
2019,21720,male,cgoa,39.19551723700644,201.3227924235518,201.3227924235518,t250
2019,21720,male,egoa,7.301408136617285,55.35939242699588,55.35939242699588,t250
2019,21720,male,wgoa,19.25042062716195,140.87529174700114,140.87529174700114,t250
2019,21720,total,cgoa,48.0082764228013,261.83751066919575,261.83751066919575,t250
2019,21720,total,egoa,10.55961234448908,106.04302469651944,106.04302469651944,t250
2019,21720,total,wgoa,32.026321208233135,277.3061234634539,277.3061234634539,t250
2019,21740,female,cgoa,39.541311426224745,238.63614471788745,236.4046180954053,t250
2019,21740,female,egoa,36.10246919421353,277.3126889462481,274.3586625480678,t250
2019,21740,female,wgoa,47.3425083466649,183.07679776641308,183.1565737391228,t250
2019,21740,male,cgoa,37.70133808989424,194.1921720320256,193.06568534784336,t250
2019,21740,male,egoa,36.85204088123333,257.7066475621399,254.34923735050785,t250
2019,21740,male,wgoa,33.983487398105204,119.6621487567752,119.65495624043004,t250
2019,21740,total,cgoa,33.10889025094581,156.37122759479217,155.97893389013998,t250
2019,21740,total,egoa,42.8293875134339,337.2141377003521,335.3594193668071,t250
2019,21740,total,wgoa,78.95237257182242,175.05669566815308,175.1495534287044,t250
2019,30060,female,cgoa,128.88428828694234,622.048240549164,622.176756841132,t250
2019,30060,female,egoa,62.572915336434264,237.26012339653843,237.26541485178635,t250
2019,30060,female,wgoa,25.472798767339143,121.85714685732074,121.85714685732074,t250
2019,30060,male,cgoa,147.30320439968136,493.6065944792356,493.61580901888345,t250
2019,30060,male,egoa,55.511035034684944,200.3926552078447,200.4093066960116,t250
2019,30060,male,wgoa,34.45190296652444,221.45718108443216,221.45718108443216,t250
2019,30060,total,cgoa,257.55502468861135,807.419649044367,807.5245874613458,t250
2019,30060,total,egoa,77.54187088598769,253.20111489407265,253.2203416221022,t250
2019,30060,total,wgoa,55.59264372001527,235.86033934964496,235.86033934964496,t250
2019,30420,female,cgoa,32.995666260373184,69.6115895998958,69.6115895998958,t250
2019,30420,female,wgoa,50.147049357351186,223.530718636532,223.530718636532,t250
2019,30420,male,cgoa,33.851245537919404,93.1192677328944,93.1192677328944,t250
2019,30420,male,wgoa,25.584807982358715,149.88940757264425,149.88940757264425,t250
2019,30420,total,cgoa,60.06262779788305,130.43786793083444,130.43786793083444,t250
2019,30420,total,wgoa,69.26870974565003,383.7718682108974,383.7718682108974,t250
2021,10130,female,cgoa,65.01945659939607,719.9931922267499,719.9931922267499,t250
2021,10130,female,egoa,13.796940747419796,235.92200275408112,235.92200275408112,t250
2021,10130,female,wgoa,31.03190150949138,397.8606299765091,397.8606299765091,t250
2021,10130,male,cgoa,52.23254966397225,695.6258227241539,695.6258227241539,t250
2021,10130,male,egoa,13.999891934595642,199.99848429930813,199.99848429930813,t250
2021,10130,male,wgoa,19.428973055155176,366.7151441444918,366.7151441444918,t250
2021,10130,total,cgoa,109.8009778258743,1193.316910776466,1193.316910776466,t250
2021,10130,total,egoa,26.236729383393698,346.64804897465655,346.64804897465655,t250
2021,10130,total,wgoa,50.33356594855616,613.3432188075994,613.3432188075994,t250
2021,21720,female,cgoa,68.30425441559632,423.10624282802974,423.10624282802974,t250
2021,21720,female,egoa,14.55106011113212,88.75903026657797,88.75903026657797,t250
2021,21720,female,wgoa,35.47324679141734,247.9770379398207,247.9770379398207,t250
2021,21720,male,cgoa,58.79020545025529,382.65105951786774,382.65105951786774,t250
2021,21720,male,egoa,8.667091515149403,74.81575498474622,74.81575498474622,t250
2021,21720,male,wgoa,37.05468551045201,226.038955451742,226.038955451742,t250
2021,21720,total,cgoa,100.467152752598,703.0805058273053,703.0805058273053,t250
2021,21720,total,egoa,20.674342673642112,148.0796693390633,148.0796693390633,t250
2021,21720,total,wgoa,61.442709312056536,388.1713963210571,388.1713963210571,t250
2021,21740,female,cgoa,33.57486118977539,170.51484493071672,170.48862567430274,t250
2021,21740,female,egoa,39.62477451944071,192.4668941013841,186.89320682406276,t250
2021,21740,female,wgoa,29.127592464175528,246.65351914189293,245.20513523721525,t250
2021,21740,male,cgoa,32.3191542185938,135.47145975677077,135.4360280476395,t250
2021,21740,male,egoa,30.606051384790625,118.92674928403656,116.58027919594016,t250
2021,21740,male,wgoa,32.93841866147912,222.62258052290127,221.56270251179808,t250
2021,21740,total,cgoa,34.90297915049179,181.42306884320703,181.39233258734663,t250
2021,21740,total,egoa,38.86479050744164,161.1173571114701,158.94147079357325,t250
2021,21740,total,wgoa,41.05396776068272,280.30370575522767,279.4659931973826,t250
2021,30060,female,cgoa,85.37244794717016,176.46906176532497,176.46906176532497,t250
2021,30060,female,egoa,78.36003893407096,320.31506363803226,320.10292596356345,t250
2021,30060,female,wgoa,22.968290027583656,94.28843225770156,94.28843225770156,t250
2021,30060,male,cgoa,128.78700695004844,199.16831011950225,199.16831011950225,t250
2021,30060,male,egoa,77.57926380892314,280.3045773920591,280.2394481695784,t250
2021,30060,male,wgoa,22.796007422983028,110.32483971744873,110.32483971744873,t250
2021,30060,total,cgoa,185.0949363101418,251.40580419501225,251.40580419501225,t250
2021,30060,total,egoa,120.66993366191986,361.64860221401074,361.5845580335505,t250
2021,30060,total,wgoa,44.69617599335614,139.97512244723353,139.97512244723353,t250
2021,30420,female,cgoa,26.9639771431517,32.284603495117295,32.284603495117295,t250
2021,30420,female,wgoa,68.70180652167954,186.1483809300109,186.1483809300109,t250
2021,30420,male,cgoa,37.63221976394496,106.86073194429746,106.86073194429746,t250
2021,30420,male,wgoa,62.098134619100335,151.2818906578884,151.2818906578884,t250
2021,30420,total,cgoa,59.161707070104434,118.00208499572076,118.00208499572076,t250
2021,30420,total,wgoa,129.31809750760604,254.40112351292768,254.40112351292768,t250
