year,species_code,comp_type,iss_age,iss_length,sub_samp,region
2017,10110,female,320.5153437506642,1292.3289848863292,t50,goa
2017,10110,male,137.87915001334468,692.6846940560308,t50,goa
2017,10110,total,427.0333700565872,1895.0102389804704,t50,goa
2017,10130,female,79.36535961120265,540.790421177036,t50,goa
2017,10130,male,86.67721037421101,448.314782140989,t50,goa
2017,10130,total,162.4295763046706,885.7699578930808,t50,goa
2017,10180,female,63.92447333520184,255.91615080040933,t50,goa
2017,10180,male,78.83587835313992,234.9946332922451,t50,goa
2017,10180,total,139.7624311057446,470.88312059970946,t50,goa
2017,10200,female,149.78980358842176,629.018433575195,t50,goa
2017,10200,male,106.89302280347998,329.7825610818022,t50,goa
2017,10200,total,235.05426043749844,816.6661670221936,t50,goa
2017,10261,female,118.0416563917398,370.4973092462311,t50,goa
2017,10261,male,67.25813152098188,233.8848226539172,t50,goa
2017,10261,total,163.3154615054511,551.1827613616732,t50,goa
2017,10262,female,148.15860722265066,529.9648503057714,t50,goa
2017,10262,male,92.94659539647328,257.9931862242523,t50,goa
2017,10262,total,207.30626255708864,723.4540816427926,t50,goa
2017,21720,female,62.22486544083907,372.80777544251646,t50,goa
2017,21720,male,55.11508562419367,310.6711166247685,t50,goa
2017,21720,total,95.90714111483663,599.2872306501862,t50,goa
2017,21740,female,12.20124699927129,59.44366575154769,t50,goa
2017,21740,male,15.22662780341368,56.68664014823698,t50,goa
2017,21740,total,15.411508742728705,84.27315745553256,t50,goa
2017,30060,female,157.18632350988136,182.90670593044723,t50,goa
2017,30060,male,146.3205982155985,152.09934676722816,t50,goa
2017,30060,total,262.65691615086655,274.35512327652583,t50,goa
2017,30420,female,80.39051649259878,49.957376614462355,t50,goa
2017,30420,male,69.06477658183105,65.50329871992574,t50,goa
2017,30420,total,138.67776042055556,98.65740633448286,t50,goa
2019,10110,female,363.2874221591155,1878.3964553280075,t50,goa
2019,10110,male,207.70515692353192,1063.799074888897,t50,goa
2019,10110,total,532.1351710293477,2685.5114452920316,t50,goa
2019,10130,female,67.89983645092606,489.2556310133605,t50,goa
2019,10130,male,74.50141231969855,415.2220755538219,t50,goa
2019,10130,total,128.63425786307883,764.0018950254822,t50,goa
2019,10180,female,62.63916843994175,347.0136113274489,t50,goa
2019,10180,male,70.75934864859505,374.4028182317159,t50,goa
2019,10180,total,131.2666003847517,658.4136224534454,t50,goa
2019,10200,female,198.03047533717364,735.3038970206078,t50,goa
2019,10200,male,135.93368862823542,515.5633284163782,t50,goa
2019,10200,total,292.48534898079686,1066.9174159223592,t50,goa
2019,10262,female,219.23000668540212,776.3272680742092,t50,goa
2019,10262,male,97.4855939358735,362.6409801459641,t50,goa
2019,10262,total,296.779187699082,1122.451255241756,t50,goa
2019,21720,female,40.94739720760866,144.2605218125486,t50,goa
2019,21720,male,47.82605514671503,147.9814052133518,t50,goa
2019,21720,total,57.96530492424773,231.4270128992355,t50,goa
2019,21740,female,93.16217947916336,267.6841081566158,t50,goa
2019,21740,male,81.64805061917362,183.67625333220968,t50,goa
2019,21740,total,84.83709724097115,278.8234858386421,t50,goa
2019,30060,female,206.18678662794133,388.7620285168281,t50,goa
2019,30060,male,218.46073971968409,321.67358750591643,t50,goa
2019,30060,total,328.634925377828,537.7638385477545,t50,goa
2019,30420,female,74.27795835303218,72.74823544490255,t50,goa
2019,30420,male,54.40056215618791,71.33230586555464,t50,goa
2019,30420,total,124.78727453747892,138.7875988345137,t50,goa
2021,10130,female,87.01469340026253,567.72139854310694,t50,goa
2021,10130,male,81.43658025271748,570.776817104286,t50,goa
2021,10130,total,159.62813278732082,1055.183170921299,t50,goa
2021,10262,female,255.80987406649845,870.1733216926355,t50,goa
2021,10262,male,105.0837640034078,347.09005322993346,t50,goa
2021,10262,total,338.8208635482158,1100.5060346463931,t50,goa
2021,21720,female,103.1563579238999,580.9215612113019,t50,goa
2021,21720,male,98.59841269057954,503.5314911918908,t50,goa
2021,21720,total,147.3627968112886,943.9362451063324,t50,goa
2021,21740,female,81.19994282721613,266.4096806275398,t50,goa
2021,21740,male,74.13163151130512,219.2997512181695,t50,goa
2021,21740,total,86.33040607776232,346.40675784645526,t50,goa
2021,30060,female,168.34349322977673,162.33838327599182,t50,goa
2021,30060,male,221.56649159721752,196.42653657677636,t50,goa
2021,30060,total,326.99146169737804,283.4283790786057,t50,goa
2021,30420,female,82.62439009027446,66.14753466852041,t50,goa
2021,30420,male,95.40927144662558,107.68734992897888,t50,goa
2021,30420,total,170.16433102801113,152.27443603431783,t50,goa
2017,10110,female,357.8915342981296,1926.616112390484,t100,goa
2017,10110,male,141.80046855312,1027.6663567116248,t100,goa
2017,10110,total,475.94660601327973,2722.127434058805,t100,goa
2017,10130,female,83.22155345993703,839.051210394486,t100,goa
2017,10130,male,93.55924890755074,748.9770369420395,t100,goa
2017,10130,total,172.04895801083634,1415.103271596742,t100,goa
2017,10180,female,67.58307469312005,347.5064514095084,t100,goa
2017,10180,male,83.31284840176252,302.3318536269985,t100,goa
2017,10180,total,147.89146648427482,605.1189630870336,t100,goa
2017,10200,female,158.01556076477416,859.3611457434733,t100,goa
2017,10200,male,112.99512617334592,402.5444006759485,t100,goa
2017,10200,total,247.74747631204053,985.622156245507,t100,goa
2017,10261,female,129.3804127934739,524.8156405954505,t100,goa
2017,10261,male,65.61724043463035,308.4908253482182,t100,goa
2017,10261,total,163.53371749980272,717.0578222091898,t100,goa
2017,10262,female,146.94417556365852,701.990924505682,t100,goa
2017,10262,male,93.7737766469956,336.0996371368782,t100,goa
2017,10262,total,211.29311773547508,907.0279316822808,t100,goa
2017,21720,female,62.44473814096536,425.33325403729447,t100,goa
2017,21720,male,56.32119928102428,369.542415769572,t100,goa
2017,21720,total,95.77347564800252,669.6285863995657,t100,goa
2017,21740,female,11.19852753703388,66.33211638687982,t100,goa
2017,21740,male,13.736253387486526,64.98928510436387,t100,goa
2017,21740,total,13.777024997788915,88.04926750872119,t100,goa
2017,30060,female,165.876664023584,239.65563535632305,t100,goa
2017,30060,male,150.3482303818924,195.44584783486553,t100,goa
2017,30060,total,268.0720377010973,332.8423061520025,t100,goa
2017,30420,female,90.33231573391208,72.80982443135639,t100,goa
2017,30420,male,75.0391192534661,114.17476549314271,t100,goa
2017,30420,total,154.01364056033938,146.92807792344314,t100,goa
2019,10110,female,355.1869243305916,2846.438057887674,t100,goa
2019,10110,male,213.60800201330125,1683.1721837752864,t100,goa
2019,10110,total,532.2023257815314,4001.738780897442,t100,goa
2019,10130,female,66.63340089824786,746.414606849957,t100,goa
2019,10130,male,77.56367858361084,601.7106431171791,t100,goa
2019,10130,total,137.4835520280435,1057.204016895614,t100,goa
2019,10180,female,65.7151271008976,402.43472709829297,t100,goa
2019,10180,male,71.52618278148618,442.0921524728736,t100,goa
2019,10180,total,133.22751800336073,769.1193628247305,t100,goa
2019,10200,female,197.03996251528207,976.3633256501172,t100,goa
2019,10200,male,137.97437004939223,640.606344384217,t100,goa
2019,10200,total,299.1593901321219,1315.0592883023023,t100,goa
2019,10262,female,222.97667004165265,1107.7754633827292,t100,goa
2019,10262,male,99.54625928985402,513.143704971582,t100,goa
2019,10262,total,304.53760050310893,1574.32972599381,t100,goa
2019,21720,female,45.053256658710865,204.0210096578431,t100,goa
2019,21720,male,48.77357569329091,209.1362805068696,t100,goa
2019,21720,total,58.92004729727441,302.51575476140727,t100,goa
2019,21740,female,94.89611339918804,347.1255784288357,t100,goa
2019,21740,male,79.56085583915781,231.02644013064787,t100,goa
2019,21740,total,80.65679368938443,312.4307236424483,t100,goa
2019,30060,female,209.8055691304073,490.4505302229876,t100,goa
2019,30060,male,220.28835461046924,393.4776862993882,t100,goa
2019,30060,total,326.72690725354295,602.1813589048146,t100,goa
2019,30420,female,75.48921378088549,93.95978903057582,t100,goa
2019,30420,male,56.38762136777944,121.41686385341468,t100,goa
2019,30420,total,128.23418455313976,191.76842857573936,t100,goa
2021,10130,female,93.94303474995168,866.9959380576063,t100,goa
2021,10130,male,86.88726297087253,841.4297739815437,t100,goa
2021,10130,total,171.47470939931154,1478.423366933275,t100,goa
2021,10262,female,252.4832716289164,1243.7101467135858,t100,goa
2021,10262,male,105.97963621462912,477.584057930912,t100,goa
2021,10262,total,333.16344316858704,1494.9262690280611,t100,goa
2021,21720,female,107.13873090255484,687.6002838732941,t100,goa
2021,21720,male,104.04998277579377,604.9941793311318,t100,goa
2021,21720,total,157.40764316680682,1085.0322116079903,t100,goa
2021,21740,female,76.08336700760071,323.2845330052125,t100,goa
2021,21740,male,72.23160581099361,275.32397830095397,t100,goa
2021,21740,total,80.4224258557279,388.8138364416518,t100,goa
2021,30060,female,180.0943123538179,225.75854257268475,t100,goa
2021,30060,male,228.04719267397363,266.70802807051973,t100,goa
2021,30060,total,341.7587882883514,354.87920768588174,t100,goa
2021,30420,female,91.72235489683489,100.34255765994496,t100,goa
2021,30420,male,98.95734535038088,166.30470565057533,t100,goa
2021,30420,total,180.724759737028,228.5265829661724,t100,goa
2017,10110,female,345.1632247695439,2299.9078620031846,t150,goa
2017,10110,male,148.1102004123891,1259.477135316722,t150,goa
2017,10110,total,466.6533146271583,3301.0099670555473,t150,goa
2017,10130,female,81.32374424953255,1006.2788301276416,t150,goa
2017,10130,male,89.08086134371366,840.0437898171707,t150,goa
2017,10130,total,166.00466386931473,1544.2685655809548,t150,goa
2017,10180,female,67.36110386144583,367.0945312806368,t150,goa
2017,10180,male,83.9268143726753,321.05836608242527,t150,goa
2017,10180,total,144.6955478910277,656.9680243823449,t150,goa
2017,10200,female,156.93858402417155,960.5661894993538,t150,goa
2017,10200,male,111.48929640979262,437.51042101974406,t150,goa
2017,10200,total,244.86797946973533,1091.345291345276,t150,goa
2017,10261,female,124.88543019182715,598.8280184808332,t150,goa
2017,10261,male,71.70595213741953,378.6389640213789,t150,goa
2017,10261,total,168.5984567917312,855.4360417797834,t150,goa
2017,10262,female,155.54292625373282,752.8183636840603,t150,goa
2017,10262,male,96.59045416733916,375.282339601416,t150,goa
2017,10262,total,223.94136037242396,988.7451194468078,t150,goa
2017,21720,female,62.4623953852612,449.84829026713,t150,goa
2017,21720,male,50.77084734032035,385.922441145406,t150,goa
2017,21720,total,89.13040717209148,699.3797462298841,t150,goa
2017,21740,female,12.016123755063925,72.75501439877746,t150,goa
2017,21740,male,14.773791134937262,70.71894546401927,t150,goa
2017,21740,total,15.092010696485556,95.23772184930031,t150,goa
2017,30060,female,169.0001934976626,284.688268126067,t150,goa
2017,30060,male,151.62541132579958,227.0822830450456,t150,goa
2017,30060,total,277.31224217011123,383.1384835003047,t150,goa
2017,30420,female,89.2714037714361,79.02278414023662,t150,goa
2017,30420,male,73.34792911611308,134.6815207931638,t150,goa
2017,30420,total,150.4747831829551,161.9322981817978,t150,goa
2019,10110,female,363.11902111864293,3435.6969775518987,t150,goa
2019,10110,male,212.6402150818507,2061.9641935092923,t150,goa
2019,10110,total,537.4785166386192,4723.439130361459,t150,goa
2019,10130,female,68.36871785513233,839.7395908050522,t150,goa
2019,10130,male,81.11902446375746,615.8083852886851,t150,goa
2019,10130,total,139.21441593343644,1085.61153622952,t150,goa
2019,10180,female,64.68300360253834,410.6730561512443,t150,goa
2019,10180,male,68.84815848750156,442.64135604758064,t150,goa
2019,10180,total,128.2853622077781,765.2629499492892,t150,goa
2019,10200,female,199.12816817734853,1084.7419882828217,t150,goa
2019,10200,male,138.60426517621434,723.879464681186,t150,goa
2019,10200,total,305.7547742329907,1420.06928143358,t150,goa
2019,10262,female,229.4779980291949,1250.3279926236717,t150,goa
2019,10262,male,104.05347216372924,579.0348380996822,t150,goa
2019,10262,total,315.0746584411675,1761.4661105438488,t150,goa
2019,21720,female,48.936843552208614,227.03196743306864,t150,goa
2019,21720,male,49.01285638055224,241.62244334400663,t150,goa
2019,21720,total,62.84512042440754,329.0794560544342,t150,goa
2019,21740,female,100.48793620412292,381.4316711556817,t150,goa
2019,21740,male,82.20916893974065,249.4843288612814,t150,goa
2019,21740,total,83.52628584347123,324.62104935386714,t150,goa
2019,30060,female,210.45636818262037,581.8564300424114,t150,goa
2019,30060,male,220.35496789798825,443.5561380922412,t150,goa
2019,30060,total,325.6523994441363,661.9432189480196,t150,goa
2019,30420,female,77.40199792221654,108.5179688903066,t150,goa
2019,30420,male,60.66246420965745,155.29262971833046,t150,goa
2019,30420,total,134.85161470915023,224.36931711845176,t150,goa
2021,10130,female,86.42810982921817,1082.8884664773657,t150,goa
2021,10130,male,84.64752779566538,1019.2691436407569,t150,goa
2021,10130,total,163.88055275613914,1776.950958007445,t150,goa
2021,10262,female,266.05439450618,1511.9037677677377,t150,goa
2021,10262,male,109.2316905812588,548.9624540962917,t150,goa
2021,10262,total,352.46500814200283,1792.8767845856075,t150,goa
2021,21720,female,108.213639804853,719.8551054169978,t150,goa
2021,21720,male,100.63476932261078,619.057579521511,t150,goa
2021,21720,total,150.1791801182703,1124.2255907248248,t150,goa
2021,21740,female,82.24224876208605,373.0085470093576,t150,goa
2021,21740,male,75.27764322955056,303.40306793197675,t150,goa
2021,21740,total,85.42441303828761,421.91366267138886,t150,goa
2021,30060,female,176.92199989548268,244.1318363531788,t150,goa
2021,30060,male,223.52098837384736,278.1831089297151,t150,goa
2021,30060,total,336.0174822603023,359.95754729332816,t150,goa
2021,30420,female,94.77362388525064,115.53608702687548,t150,goa
2021,30420,male,102.28924442066972,203.28644027836285,t150,goa
2021,30420,total,186.024913713063,257.99582500663973,t150,goa
2017,10110,female,337.304318778121,2451.9605477814853,t200,goa
2017,10110,male,141.63134433971874,1312.9631666561293,t200,goa
2017,10110,total,449.51587983722294,3458.182124877591,t200,goa
2017,10130,female,83.46460349041088,1153.3357020715323,t200,goa
2017,10130,male,92.07820252140752,942.8611702531769,t200,goa
2017,10130,total,172.67263316352944,1746.7747853156432,t200,goa
2017,10180,female,67.0008099363071,370.5172044267358,t200,goa
2017,10180,male,81.54352103370451,321.16812926115796,t200,goa
2017,10180,total,144.12338183393678,646.8069736648962,t200,goa
2017,10200,female,156.0372450088923,952.4448708812006,t200,goa
2017,10200,male,110.47808118455596,439.6808778344622,t200,goa
2017,10200,total,244.19646881386697,1093.3400333858722,t200,goa
2017,10261,female,126.20413308868773,651.324992559102,t200,goa
2017,10261,male,71.719057763747,399.67672979259027,t200,goa
2017,10261,total,168.40840126415466,909.613348028966,t200,goa
2017,10262,female,155.16473857796592,797.7042515431575,t200,goa
2017,10262,male,101.41267525036844,392.8509237247708,t200,goa
2017,10262,total,221.23096845123308,1039.9168646211313,t200,goa
2017,21720,female,64.1248165013952,442.6726611704353,t200,goa
2017,21720,male,54.36854580083249,370.208538440775,t200,goa
2017,21720,total,93.1003118849116,684.2450123916852,t200,goa
2017,21740,female,11.5721123676622,72.20543834751872,t200,goa
2017,21740,male,15.272435784580503,70.81602435198377,t200,goa
2017,21740,total,14.850549535608886,92.54672355551271,t200,goa
2017,30060,female,168.189528236624,283.39580334839326,t200,goa
2017,30060,male,151.6097652725052,220.0495975717868,t200,goa
2017,30060,total,275.2038688277381,368.9831260089255,t200,goa
2017,30420,female,90.61258183045256,85.35162983745292,t200,goa
2017,30420,male,77.88495043569853,148.06525583307118,t200,goa
2017,30420,total,156.4487941493544,176.038704446727,t200,goa
2019,10110,female,363.6521844115081,3720.6441327027737,t200,goa
2019,10110,male,211.16129109997513,2250.452673046374,t200,goa
2019,10110,total,544.290476791904,5060.558153799008,t200,goa
2019,10130,female,69.56526232425502,874.4948636976147,t200,goa
2019,10130,male,75.11162505898913,624.7875593427351,t200,goa
2019,10130,total,132.9754936391543,1089.303927179729,t200,goa
2019,10180,female,64.29442425495148,414.8106361940956,t200,goa
2019,10180,male,72.54083086894035,443.4458361444691,t200,goa
2019,10180,total,133.7919754560401,763.641715244678,t200,goa
2019,10200,female,200.31480309590555,1194.504028734324,t200,goa
2019,10200,male,139.1939676066787,762.628457356746,t200,goa
2019,10200,total,305.78050997797084,1540.9851280269584,t200,goa
2019,10262,female,230.5873525549072,1264.713626313467,t200,goa
2019,10262,male,99.71108402810508,608.9419630579281,t200,goa
2019,10262,total,311.7609498778053,1814.5249590845629,t200,goa
2019,21720,female,44.982545789551686,243.72504119963,t200,goa
2019,21720,male,45.86409325663943,244.12815566379615,t200,goa
2019,21720,total,57.589000643020206,336.1995151669219,t200,goa
2019,21740,female,98.361741473678,413.4378879935616,t200,goa
2019,21740,male,84.23397944484026,275.9390900292777,t200,goa
2019,21740,total,81.8186963003226,339.8308890943007,t200,goa
2019,30060,female,217.1093408694461,623.9625254739651,t200,goa
2019,30060,male,220.27699928804267,473.8391281261221,t200,goa
2019,30060,total,329.98365559234014,698.2889565951252,t200,goa
2019,30420,female,80.43874941413264,120.1088563794881,t200,goa
2019,30420,male,61.1124045523223,180.4303418927962,t200,goa
2019,30420,total,136.89131257193972,250.39420801331585,t200,goa
2021,10130,female,90.09121663277476,1134.0276961422885,t200,goa
2021,10130,male,86.45488647055134,1133.205407722724,t200,goa
2021,10130,total,165.30928460173942,1886.6677974497184,t200,goa
2021,10262,female,250.71901414377103,1604.9652760909642,t200,goa
2021,10262,male,109.20369929671608,591.5984002296165,t200,goa
2021,10262,total,333.77781415533354,1882.1335709012908,t200,goa
2021,21720,female,103.34931813045328,710.936919575613,t200,goa
2021,21720,male,96.5601235153034,618.7890351306527,t200,goa
2021,21720,total,146.51104305568575,1120.9524844224245,t200,goa
2021,21740,female,85.00957371556903,394.5107604657677,t200,goa
2021,21740,male,78.2283335815612,316.72935590902836,t200,goa
2021,21740,total,88.5172611468139,433.38593681311875,t200,goa
2021,30060,female,183.2473007089383,291.15934662609436,t200,goa
2021,30060,male,232.3248955901997,327.7630734078109,t200,goa
2021,30060,total,351.40296191235575,424.2377639517984,t200,goa
2021,30420,female,95.0622806029748,127.17712317380008,t200,goa
2021,30420,male,105.75132513427565,237.2219029776364,t200,goa
2021,30420,total,189.71858685597883,291.0938861908892,t200,goa
2017,10110,female,353.46621981389734,2709.9337196383212,t250,goa
2017,10110,male,149.8872438735143,1424.6762435855203,t250,goa
2017,10110,total,482.9086276507763,3729.509982547915,t250,goa
2017,10130,female,83.0775739116439,1174.541067588488,t250,goa
2017,10130,male,90.45054162121832,951.1683205396104,t250,goa
2017,10130,total,163.65003808962544,1764.0911348649668,t250,goa
2017,10180,female,69.63329885030817,388.3722552402291,t250,goa
2017,10180,male,84.02440185536145,338.3902471541987,t250,goa
2017,10180,total,150.83453224088373,674.3436924581713,t250,goa
2017,10200,female,158.28687599344306,965.26847256889,t250,goa
2017,10200,male,115.50288175602378,464.6077239925498,t250,goa
2017,10200,total,249.58988956022264,1146.2099935111698,t250,goa
2017,10261,female,121.44954642874042,664.9081965152947,t250,goa
2017,10261,male,69.68832146606715,408.4877034006017,t250,goa
2017,10261,total,162.9159558641249,920.8862323053436,t250,goa
2017,10262,female,158.35673230929504,795.2528571741002,t250,goa
2017,10262,male,95.97915094545328,401.06617099246,t250,goa
2017,10262,total,222.48746818678976,1041.8021541551589,t250,goa
2017,21720,female,58.90523779772492,438.62581787923347,t250,goa
2017,21720,male,54.15136118434426,387.3808098400809,t250,goa
2017,21720,total,91.09917940681032,688.5853487917503,t250,goa
2017,21740,female,11.27736326153206,70.7881409267568,t250,goa
2017,21740,male,14.467916176130108,69.8268341539102,t250,goa
2017,21740,total,14.247818096079154,91.31397860423652,t250,goa
2017,30060,female,175.51631939869446,304.6608660154419,t250,goa
2017,30060,male,152.03148680948536,235.7754616056376,t250,goa
2017,30060,total,277.43287903207914,395.328599762429,t250,goa
2017,30420,female,92.15799186267807,91.32344073542792,t250,goa
2017,30420,male,75.86455924705592,160.70939002445184,t250,goa
2017,30420,total,158.07430623832738,185.47867520445936,t250,goa
2019,10110,female,353.8558480174774,3947.2648982942583,t250,goa
2019,10110,male,210.1274317310777,2310.221044731384,t250,goa
2019,10110,total,548.0164725538931,5272.473225730711,t250,goa
2019,10130,female,67.25699719356174,906.704440466435,t250,goa
2019,10130,male,75.56351387174136,666.8456906521027,t250,goa
2019,10130,total,136.2693101040676,1145.6543933276844,t250,goa
2019,10180,female,65.33294170437297,421.7936082667222,t250,goa
2019,10180,male,74.35499154292542,455.0692190113332,t250,goa
2019,10180,total,134.55818203106105,782.7247010420335,t250,goa
2019,10200,female,190.22246996531695,1199.1222471805297,t250,goa
2019,10200,male,139.35464554468612,791.1895319191698,t250,goa
2019,10200,total,301.1090631141307,1569.297942267803,t250,goa
2019,10262,female,213.9189425251156,1299.1876137534568,t250,goa
2019,10262,male,100.03573507924315,622.9565135888676,t250,goa
2019,10262,total,294.8714754950993,1814.1200690352307,t250,goa
2019,21720,female,43.57677390119704,234.44456225649927,t250,goa
2019,21720,male,50.42685525114749,246.41151227217216,t250,goa
2019,21720,total,59.488088480501055,324.73215029468935,t250,goa
2019,21740,female,96.9968555118408,416.5603449499241,t250,goa
2019,21740,male,79.14778881229596,268.74273468139916,t250,goa
2019,21740,total,78.08161604639008,324.9979543821315,t250,goa
2019,30060,female,222.22201852331463,651.0165795673043,t250,goa
2019,30060,male,226.02747791974755,494.1619568804229,t250,goa
2019,30060,total,336.7246371196439,718.9304392229506,t250,goa
2019,30420,female,78.35147785512798,117.00520423162322,t250,goa
2019,30420,male,61.04522705789323,182.40143744600323,t250,goa
2019,30420,total,135.2015506911325,243.53205675514383,t250,goa
2021,10130,female,89.80060451939353,1184.4966211912576,t250,goa
2021,10130,male,80.01873422108262,1155.611895784138,t250,goa
2021,10130,total,157.54876506547927,1952.9626863308151,t250,goa
2021,10262,female,248.30260952893025,1590.3806180390188,t250,goa
2021,10262,male,97.4141803995476,553.9848692379627,t250,goa
2021,10262,total,325.19386472708703,1786.1759585986888,t250,goa
2021,21720,female,107.17399804054634,729.0782903775819,t250,goa
2021,21720,male,106.1469245330439,640.6854595527736,t250,goa
2021,21720,total,160.34674198598356,1164.1146556992258,t250,goa
2021,21740,female,81.20885891078214,397.2985058314763,t250,goa
2021,21740,male,76.79029680835609,330.13795105930274,t250,goa
2021,21740,total,85.52717980650576,446.05730786593153,t250,goa
2021,30060,female,184.6132937957883,279.36515584751345,t250,goa
2021,30060,male,234.0033686466238,307.8591345989713,t250,goa
2021,30060,total,347.6679887192249,395.71953949628346,t250,goa
2021,30420,female,96.46758742826152,138.45632492813027,t250,goa
2021,30420,male,99.1416923255356,241.1703771937761,t250,goa
2021,30420,total,184.76638306384345,301.91185056309996,t250,goa
2017,10110,female,348.3672020151525,2714.0631154956022,base,goa
2017,10110,male,144.77029776672018,1519.6016363562162,base,goa
2017,10110,total,466.6862243403253,3838.91757914399,base,goa
2017,10130,female,82.09504615179439,1287.599896631081,base,goa
2017,10130,male,87.11045231608263,1044.4066490146438,base,goa
2017,10130,total,160.62254962719717,1876.1349746724973,base,goa
2017,10180,female,69.30809128760153,389.5969687406426,base,goa
2017,10180,male,84.79977155762452,331.4085948615892,base,goa
2017,10180,total,149.1361841835055,669.6616233898264,base,goa
2017,10200,female,151.9303387892093,1016.9200345956696,base,goa
2017,10200,male,113.7034494945918,483.971970609957,base,goa
2017,10200,total,239.2189702760714,1192.8143647274196,base,goa
2017,10261,female,124.05981148516268,696.3250160149352,base,goa
2017,10261,male,65.22957564222686,436.70957608136825,base,goa
2017,10261,total,152.24650850133372,957.942925625358,base,goa
2017,10262,female,157.58751457109713,833.9331186705774,base,goa
2017,10262,male,99.07625394870544,420.787176440492,base,goa
2017,10262,total,224.69190107503667,1099.573137508081,base,goa
2017,21720,female,63.59673351842138,453.4786635474637,base,goa
2017,21720,male,58.5134641865082,384.33463158638625,base,goa
2017,21720,total,98.24405363859708,696.2415641705996,base,goa
2017,21740,female,10.95798169676912,70.64009174448671,base,goa
2017,21740,male,13.731897756143573,70.88606144214438,base,goa
2017,21740,total,13.70790856172573,90.5409894319316,base,goa
2017,30060,female,169.745708026687,298.42643862306574,base,goa
2017,30060,male,156.25515090495287,248.91866676427864,base,goa
2017,30060,total,279.8189038100881,403.1769499419749,base,goa
2017,30420,female,89.0753379977607,89.59188639135765,base,goa
2017,30420,male,74.86809997178733,166.40262105876158,base,goa
2017,30420,total,156.01627736476846,183.22489891455385,base,goa
2019,10110,female,375.36647606131567,4177.095013603267,base,goa
2019,10110,male,211.34372898673257,2531.716971062036,base,goa
2019,10110,total,550.4008931908755,5573.83647787889,base,goa
2019,10130,female,68.97147321198388,928.731940920786,base,goa
2019,10130,male,75.98499061506276,670.5693544517841,base,goa
2019,10130,total,136.54303375166597,1153.4064012700965,base,goa
2019,10180,female,65.38914006176462,423.1827125483962,base,goa
2019,10180,male,70.25092972693025,447.1650316138712,base,goa
2019,10180,total,134.2802339233505,769.3130064856177,base,goa
2019,10200,female,205.82706283505473,1203.5284887917528,base,goa
2019,10200,male,138.37379187908326,755.2333650435334,base,goa
2019,10200,total,305.1665052758598,1511.370063560199,base,goa
2019,10262,female,220.9545208801267,1347.0096038501365,base,goa
2019,10262,male,103.82627695570872,608.344747911106,base,goa
2019,10262,total,305.28906142454844,1884.4039290513524,base,goa
2019,21720,female,46.6165034247401,264.95099097351863,base,goa
2019,21720,male,48.19915861370053,268.70669012066884,base,goa
2019,21720,total,60.22279925257266,361.3178051422368,base,goa
2019,21740,female,95.07494013535292,432.29522594055373,base,goa
2019,21740,male,78.57004747224188,268.9915403668346,base,goa
2019,21740,total,80.04183235407447,336.58134904698716,base,goa
2019,30060,female,217.45253959026695,696.0365132083222,base,goa
2019,30060,male,226.75612132921967,522.5944935119581,base,goa
2019,30060,total,340.55118835785106,746.9718989018904,base,goa
2019,30420,female,81.99213880466036,123.3185890969738,base,goa
2019,30420,male,60.72158521824747,206.54277858910447,base,goa
2019,30420,total,139.02803933143244,257.5331713404413,base,goa
2021,10130,female,90.50175106832572,1253.9556428513708,base,goa
2021,10130,male,84.19305986094659,1222.8903302428107,base,goa
2021,10130,total,172.83174010477364,1996.3660199327917,base,goa
2021,10262,female,279.64793806679495,1629.199186993062,base,goa
2021,10262,male,106.75898463772508,588.8934179686414,base,goa
2021,10262,total,368.99419391655493,1871.4680290728104,base,goa
2021,21720,female,104.61736297344524,733.8770254620603,base,goa
2021,21720,male,101.19406552065443,657.0563328982216,base,goa
2021,21720,total,152.5792615523781,1180.773519413655,base,goa
2021,21740,female,81.68516759004505,416.8557800205223,base,goa
2021,21740,male,76.81518169943078,344.0937725533568,base,goa
2021,21740,total,85.15594192309906,453.19715069592104,base,goa
2021,30060,female,184.35836920217164,283.5140878774196,base,goa
2021,30060,male,231.1896396919366,322.60909046781046,base,goa
2021,30060,total,348.6947154110268,403.5873497258157,base,goa
2021,30420,female,99.48441665388404,149.2844434808143,base,goa
2021,30420,male,105.05254956913828,274.3852773755648,base,goa
2021,30420,total,190.53536049660497,331.47742795944515,base,goa
2014,10110,female,69.59510465439976,462.558597327485,t50,ai
2014,10110,male,42.60924727969107,271.03987621845005,t50,ai
2014,10110,total,108.89506458865496,648.6225842961508,t50,ai
2014,21720,female,94.5535919451056,389.61868888241384,t50,ai
2014,21720,male,101.70291657304784,445.3980893440114,t50,ai
2014,21720,total,147.68742406569336,744.3936379442547,t50,ai
2014,21740,female,8.784196750741057,30.99564057909515,t50,ai
2014,21740,male,9.017259235474912,38.4827677768499,t50,ai
2014,21740,total,9.373394553548364,43.097371653588446,t50,ai
2014,21921,female,49.9763358401461,106.40086332782845,t50,ai
2014,21921,male,43.6580373178668,97.41637077740612,t50,ai
2014,21921,total,69.5264594373934,143.00416360402977,t50,ai
2014,30060,female,130.2457552080446,129.99621977834195,t50,ai
2014,30060,male,131.51262263756936,174.77840194406195,t50,ai
2014,30060,total,215.8784982239767,230.4677190286503,t50,ai
2014,30420,female,76.93081969084345,126.60997521119664,t50,ai
2014,30420,male,67.329112186777,84.69616189945162,t50,ai
2014,30420,total,131.80510378889474,175.7478275964069,t50,ai
2016,10110,female,117.08607702415956,306.17676749271277,t50,ai
2016,10110,male,44.26783369869162,141.29137596236103,t50,ai
2016,10110,total,116.83347185296788,341.55492506197146,t50,ai
2016,21720,female,96.97091058678224,407.4500695990774,t50,ai
2016,21720,male,101.33070985966772,440.95671747826975,t50,ai
2016,21720,total,143.96997087728712,734.145887644927,t50,ai
2016,21740,female,43.82293890700485,89.40576856920823,t50,ai
2016,21740,male,17.718801069411782,51.80095347455935,t50,ai
2016,21740,total,31.267235061689934,90.29702351082726,t50,ai
2016,21921,female,21.467721051448276,51.45168224549579,t50,ai
2016,21921,male,28.618264434677208,47.20429885430135,t50,ai
2016,21921,total,35.17568565213816,69.57726386627378,t50,ai
2016,30060,female,186.52229888529257,424.8464523339785,t50,ai
2016,30060,male,250.3270922791941,482.8778298049229,t50,ai
2016,30060,total,408.9074878003061,741.9519888567645,t50,ai
2016,30420,female,140.2660745249463,164.64570843673684,t50,ai
2016,30420,male,64.76400989213083,130.78434881316772,t50,ai
2016,30420,total,199.22093987971476,209.69955085927097,t50,ai
2018,10110,female,124.16181805348548,561.0624069818479,t50,ai
2018,10110,male,92.96517474671926,291.9827343880726,t50,ai
2018,10110,total,192.85346736360907,747.3939844534747,t50,ai
2018,21720,female,127.5060505389581,441.65957494412993,t50,ai
2018,21720,male,104.34852173400576,388.6055747652597,t50,ai
2018,21720,total,175.34194667763035,721.939564885735,t50,ai
2018,21740,female,97.90000310253065,153.25044701589283,t50,ai
2018,21740,male,50.38729782571383,84.64079499867175,t50,ai
2018,21740,total,93.73838772057276,191.65379566685547,t50,ai
2018,21921,female,77.34089504696844,73.30648055257359,t50,ai
2018,21921,male,84.49240888258046,75.04788543242786,t50,ai
2018,21921,total,110.43960693387774,107.94678881785548,t50,ai
2018,30060,female,155.41011406053545,325.02355454023507,t50,ai
2018,30060,male,221.43490028269963,526.2247612952264,t50,ai
2018,30060,total,365.6370555320075,760.8528160563052,t50,ai
2018,30420,female,141.5825835836216,183.53264418720127,t50,ai
2018,30420,male,84.14819745072589,162.46848066794112,t50,ai
2018,30420,total,225.7749396126334,277.8432188782879,t50,ai
2014,10110,female,68.334976919536,669.5753428991436,t100,ai
2014,10110,male,45.37608463622514,365.7861178239607,t100,ai
2014,10110,total,107.78706115786152,877.3014283414012,t100,ai
2014,21720,female,95.81791331576822,502.751236428782,t100,ai
2014,21720,male,104.99562116818456,559.7487202229105,t100,ai
2014,21720,total,151.96567807458027,917.5617336599072,t100,ai
2014,21740,female,7.921145230433285,34.817643541307596,t100,ai
2014,21740,male,8.146944843022832,43.746071448915664,t100,ai
2014,21740,total,8.351126875749708,44.52893718844248,t100,ai
2014,21921,female,53.003822380604014,138.20333169360617,t100,ai
2014,21921,male,45.78844384767702,127.14868058305171,t100,ai
2014,21921,total,72.26920516831453,174.0073451381038,t100,ai
2014,30060,female,131.6019398043515,171.38327686855587,t100,ai
2014,30060,male,131.13078845951657,226.5734525684609,t100,ai
2014,30060,total,214.69832883117357,280.73520803768844,t100,ai
2014,30420,female,77.89719083096251,172.28696209198333,t100,ai
2014,30420,male,70.27876044831329,121.2944133251959,t100,ai
2014,30420,total,132.99585904103392,229.349083156382,t100,ai
2016,10110,female,131.3421635317781,468.9372277484827,t100,ai
2016,10110,male,46.83848620164057,188.4238240014136,t100,ai
2016,10110,total,121.85157119999816,451.7546758259505,t100,ai
2016,21720,female,99.75645710153526,554.5627859242157,t100,ai
2016,21720,male,106.90908640072207,594.2410514878577,t100,ai
2016,21720,total,148.58863142486757,935.3731674193256,t100,ai
2016,21740,female,50.36921221458925,121.27744898856474,t100,ai
2016,21740,male,19.15455084643285,63.93145596325864,t100,ai
2016,21740,total,34.241935781599345,109.44007623596056,t100,ai
2016,21921,female,24.45834730118718,59.401136876151845,t100,ai
2016,21921,male,31.245357105060293,58.91603719413172,t100,ai
2016,21921,total,39.006795829986295,77.31084183603281,t100,ai
2016,30060,female,199.50388048674316,610.2299885693631,t100,ai
2016,30060,male,264.8455127154494,664.9839495843215,t100,ai
2016,30060,total,436.8903067884016,976.6310985341884,t100,ai
2016,30420,female,145.855376575031,214.44655956355197,t100,ai
2016,30420,male,67.32871235378367,171.47655548323536,t100,ai
2016,30420,total,204.6142434747837,254.1864165315372,t100,ai
2018,10110,female,134.55414284998812,788.9693473490744,t100,ai
2018,10110,male,90.06819496492938,375.3740899971212,t100,ai
2018,10110,total,193.21505628181552,963.2130175866288,t100,ai
2018,21720,female,129.62679808575527,569.6202626201426,t100,ai
2018,21720,male,113.7706427886774,498.3901509047501,t100,ai
2018,21720,total,188.0172799020827,889.5493280885162,t100,ai
2018,21740,female,98.52943772600824,225.16166771499277,t100,ai
2018,21740,male,52.50955055577347,121.46853306640244,t100,ai
2018,21740,total,90.99634902966572,254.88890492063405,t100,ai
2018,21921,female,82.63034462171572,89.74554038832409,t100,ai
2018,21921,male,91.59702327421276,103.71009677434736,t100,ai
2018,21921,total,117.57072448364852,129.8939188710522,t100,ai
2018,30060,female,161.04977427180543,459.6642141930416,t100,ai
2018,30060,male,217.2351685387368,724.0152959381048,t100,ai
2018,30060,total,364.5627417156881,1039.3561791285365,t100,ai
2018,30420,female,147.44178721481782,232.1124021014041,t100,ai
2018,30420,male,84.93404689148497,223.61534343615227,t100,ai
2018,30420,total,237.09495732795776,337.09732873323355,t100,ai
2014,10110,female,71.26974896601654,763.8875177701112,t150,ai
2014,10110,male,47.04325217405471,408.8063336882768,t150,ai
2014,10110,total,115.39129701255816,959.5758674458922,t150,ai
2014,21720,female,92.75317122383017,554.672733470716,t150,ai
2014,21720,male,110.45946895616748,615.6372878935863,t150,ai
2014,21720,total,152.86351867625552,1004.0156021394228,t150,ai
2014,21740,female,8.406371282205598,37.68657216639551,t150,ai
2014,21740,male,8.593478909916799,49.45076879473757,t150,ai
2014,21740,total,8.845766349447313,48.513575463771254,t150,ai
2014,21921,female,55.458810182573224,141.52066483176117,t150,ai
2014,21921,male,47.79694377947856,136.3949480444755,t150,ai
2014,21921,total,75.35005505217094,176.20226074597144,t150,ai
2014,30060,female,138.73925794983302,196.30410712977175,t150,ai
2014,30060,male,135.0103212268625,241.5778080186225,t150,ai
2014,30060,total,223.76972572481836,301.29752230819,t150,ai
2014,30420,female,80.64588428307212,194.0071859451348,t150,ai
2014,30420,male,70.02599643242715,139.98071403468998,t150,ai
2014,30420,total,135.54342900200984,250.61234075178095,t150,ai
2016,10110,female,133.5398662332246,572.2596444832287,t150,ai
2016,10110,male,47.80300715686077,206.10018220162783,t150,ai
2016,10110,total,125.43074393731284,503.2307527553171,t150,ai
2016,21720,female,102.50918257589927,621.4142806722243,t150,ai
2016,21720,male,110.8408087040022,695.7434683411916,t150,ai
2016,21720,total,154.723208530076,1056.5148431862422,t150,ai
2016,21740,female,48.190895327722245,127.7950920396636,t150,ai
2016,21740,male,18.577657420492468,63.99329085402693,t150,ai
2016,21740,total,32.36926101191009,109.27132555556638,t150,ai
2016,21921,female,25.648622835422533,68.08897672993882,t150,ai
2016,21921,male,33.40139472027588,70.284128980316,t150,ai
2016,21921,total,41.85982734334094,87.22228024884056,t150,ai
2016,30060,female,196.97786701573477,678.6802634120824,t150,ai
2016,30060,male,254.68690336658537,773.4889178140148,t150,ai
2016,30060,total,419.80846470240374,1086.3087649539257,t150,ai
2016,30420,female,149.61566477173105,230.19475763006903,t150,ai
2016,30420,male,67.53169717626245,194.3760186950951,t150,ai
2016,30420,total,208.64072198666017,269.2993596275377,t150,ai
2018,10110,female,134.5481455088722,876.8515126387481,t150,ai
2018,10110,male,94.35387844152238,449.8422183269962,t150,ai
2018,10110,total,197.88007433636471,1095.655359218723,t150,ai
2018,21720,female,128.9452156353833,648.4481632506912,t150,ai
2018,21720,male,116.67095533259318,557.9190773383849,t150,ai
2018,21720,total,189.92908001455808,979.7599592861784,t150,ai
2018,21740,female,106.07919657406129,274.63273432841675,t150,ai
2018,21740,male,55.36376885318864,145.81472227447537,t150,ai
2018,21740,total,97.75369388502187,295.57274342250156,t150,ai
2018,21921,female,84.93219358935136,99.06353214290613,t150,ai
2018,21921,male,82.50686194040532,113.03001950682564,t150,ai
2018,21921,total,113.31738103563764,137.2406152136599,t150,ai
2018,30060,female,161.95809953421235,489.3900868942826,t150,ai
2018,30060,male,226.81007794932535,818.3080045650886,t150,ai
2018,30060,total,372.3004320506934,1090.9237150639651,t150,ai
2018,30420,female,147.09581312285525,245.33520475985196,t150,ai
2018,30420,male,84.45676064083037,253.26939082373468,t150,ai
2018,30420,total,228.85031104936695,346.8594879984945,t150,ai
2014,10110,female,70.75731485203579,839.7624810995936,t200,ai
2014,10110,male,46.58939611885539,454.2220684076325,t200,ai
2014,10110,total,113.73212835723206,1060.1695918609043,t200,ai
2014,21720,female,98.56754883331494,564.4947742998695,t200,ai
2014,21720,male,101.68757475813902,633.4848974187505,t200,ai
2014,21720,total,155.3700885101264,1037.9923382927764,t200,ai
2014,21740,female,8.897239996563851,41.068501161383445,t200,ai
2014,21740,male,8.902391368097527,53.6082236070325,t200,ai
2014,21740,total,9.26262414507333,51.78210618442509,t200,ai
2014,21921,female,55.075139012915464,147.8710619527486,t200,ai
2014,21921,male,46.85243691224014,140.13281344803488,t200,ai
2014,21921,total,73.55583938471776,180.38898068679117,t200,ai
2014,30060,female,139.28731626619577,202.07217608550943,t200,ai
2014,30060,male,134.59695996372488,264.3580632144916,t200,ai
2014,30060,total,221.91649241012436,313.73348373390445,t200,ai
2014,30420,female,79.6721618025718,204.6948898432076,t200,ai
2014,30420,male,70.18391508803025,137.08280256778545,t200,ai
2014,30420,total,136.63347399646793,249.87272773757255,t200,ai
2016,10110,female,134.81663126042855,649.249721878719,t200,ai
2016,10110,male,48.501593195117934,232.38654075717903,t200,ai
2016,10110,total,126.47057338679814,563.1918115047245,t200,ai
2016,21720,female,99.16462620921352,643.7781365943985,t200,ai
2016,21720,male,104.29842987904944,700.0994467253466,t200,ai
2016,21720,total,144.01403284735696,1054.4941738987193,t200,ai
2016,21740,female,45.158509518674606,117.92278769715178,t200,ai
2016,21740,male,16.96154023117798,61.139648174547474,t200,ai
2016,21740,total,29.633433237412095,101.5667594741802,t200,ai
2016,21921,female,24.8844879654552,69.71361189313309,t200,ai
2016,21921,male,32.76877413916275,72.4355579070079,t200,ai
2016,21921,total,38.871938982777465,87.53186578366709,t200,ai
2016,30060,female,204.94150592668905,742.652775285603,t200,ai
2016,30060,male,264.3752943243299,786.3189104569793,t200,ai
2016,30060,total,440.527819387964,1117.8210676020929,t200,ai
2016,30420,female,144.45434138105816,222.56144896965537,t200,ai
2016,30420,male,67.40949930628094,182.1721985153082,t200,ai
2016,30420,total,205.32997746544785,253.42454981500873,t200,ai
2018,10110,female,134.9035594611866,918.0862093317796,t200,ai
2018,10110,male,95.162843054023,453.6536236813217,t200,ai
2018,10110,total,199.1122735086735,1102.4647797094042,t200,ai
2018,21720,female,134.97828385334287,645.2947423999843,t200,ai
2018,21720,male,118.02893076785564,550.8645912095416,t200,ai
2018,21720,total,198.33776793985703,984.0291456882484,t200,ai
2018,21740,female,100.1812291650772,281.9998622720882,t200,ai
2018,21740,male,56.8358262670743,153.91955292434724,t200,ai
2018,21740,total,96.32002041830496,303.81261366961235,t200,ai
2018,21921,female,79.51911869943984,95.93386713738776,t200,ai
2018,21921,male,86.97174199589357,115.84805726095274,t200,ai
2018,21921,total,111.86973297075107,135.18004749194088,t200,ai
2018,30060,female,162.68356253187542,518.0099535237176,t200,ai
2018,30060,male,220.7421951290099,867.6422666421352,t200,ai
2018,30060,total,368.987919741458,1145.4389415031696,t200,ai
2018,30420,female,146.2639845181579,258.6534230781117,t200,ai
2018,30420,male,85.29090033921419,277.19236729047185,t200,ai
2018,30420,total,231.4352039684033,365.1052035630136,t200,ai
2014,10110,female,75.20120694696617,813.3510850720709,t250,ai
2014,10110,male,46.42413473982195,439.9778575796513,t250,ai
2014,10110,total,116.06545898680147,1022.7114744437976,t250,ai
2014,21720,female,100.44771859686254,582.8479031019017,t250,ai
2014,21720,male,111.6507464492343,656.7833977197122,t250,ai
2014,21720,total,159.6264092098583,1042.3647256645431,t250,ai
2014,21740,female,8.997922732914384,41.00638416658118,t250,ai
2014,21740,male,9.110807407416928,54.422188974790494,t250,ai
2014,21740,total,9.42031899874812,51.46560128544652,t250,ai
2014,21921,female,52.39482859035652,141.51172515370973,t250,ai
2014,21921,male,49.46276229427695,141.19168132250266,t250,ai
2014,21921,total,72.4142451664159,174.8559467567096,t250,ai
2014,30060,female,143.255555532735,223.55746332552505,t250,ai
2014,30060,male,142.2271851118028,275.58520507668703,t250,ai
2014,30060,total,234.17368154197496,336.39547634471813,t250,ai
2014,30420,female,79.59564633152978,216.5941846916153,t250,ai
2014,30420,male,70.22886272816105,148.58563052455207,t250,ai
2014,30420,total,136.02220784788966,265.67429607197016,t250,ai
2016,10110,female,135.59932164973137,702.5220555107651,t250,ai
2016,10110,male,51.03624306939714,245.072661190577,t250,ai
2016,10110,total,131.57025160121586,588.1953510764317,t250,ai
2016,21720,female,100.34378442619888,675.5312094354881,t250,ai
2016,21720,male,102.91117555972728,744.6699768971521,t250,ai
2016,21720,total,147.4888289610387,1110.1484599927066,t250,ai
2016,21740,female,50.69956256812404,133.9533062552118,t250,ai
2016,21740,male,17.882844452030344,65.5498354452155,t250,ai
2016,21740,total,32.43091993807982,111.03774059493088,t250,ai
2016,21921,female,23.875998945158695,70.58550555183176,t250,ai
2016,21921,male,34.4393412183275,72.58603665340733,t250,ai
2016,21921,total,39.211838185295115,87.74371363556163,t250,ai
2016,30060,female,196.0750629018747,769.5810810921697,t250,ai
2016,30060,male,255.26017039661772,808.068703796684,t250,ai
2016,30060,total,414.89214689414746,1129.7590246356704,t250,ai
2016,30420,female,147.4231215674619,230.67600750856477,t250,ai
2016,30420,male,69.88072086221574,190.70588819096412,t250,ai
2016,30420,total,207.21131283171957,260.2988364035291,t250,ai
2018,10110,female,130.79451706317812,938.406040329811,t250,ai
2018,10110,male,94.3140992537028,445.850386480622,t250,ai
2018,10110,total,194.66660436247983,1113.0667011571124,t250,ai
2018,21720,female,131.09052664522443,662.3429490159273,t250,ai
2018,21720,male,114.16856949096304,562.9148207186229,t250,ai
2018,21720,total,187.42438456188896,996.9256915016704,t250,ai
2018,21740,female,110.76550411692077,309.818467175088,t250,ai
2018,21740,male,58.75240906405857,172.3027341192026,t250,ai
2018,21740,total,102.27978897685688,328.7191214385683,t250,ai
2018,21921,female,81.94808498585391,94.74911564449832,t250,ai
2018,21921,male,89.44488264535555,113.21301786567103,t250,ai
2018,21921,total,114.96750166869197,132.37472637410056,t250,ai
2018,30060,female,166.2574500710223,520.9003793963163,t250,ai
2018,30060,male,222.07516656029756,885.6979598976,t250,ai
2018,30060,total,377.5832891538934,1170.5518336690575,t250,ai
2018,30420,female,153.9338126750259,276.4749314900212,t250,ai
2018,30420,male,84.59812955831406,304.7547225592272,t250,ai
2018,30420,total,237.8982343337405,395.972649133951,t250,ai
2014,10110,female,75.82509359642741,840.1382345370973,base,ai
2014,10110,male,44.52503616738519,458.2416758418957,base,ai
2014,10110,total,116.0231908837264,1053.539404399196,base,ai
2014,21720,female,98.92430612523324,607.3315843118638,base,ai
2014,21720,male,111.70166835753407,673.4045022193891,base,ai
2014,21720,total,164.3530672914146,1083.864695570535,base,ai
2014,21740,female,8.200167295056866,42.09328103100876,base,ai
2014,21740,male,8.48158450866048,54.92480636454593,base,ai
2014,21740,total,8.631340192447032,51.41393489923644,base,ai
2014,21921,female,55.2038673854414,155.32415604861163,base,ai
2014,21921,male,47.36414946598415,151.13353184519818,base,ai
2014,21921,total,74.47278904610089,187.42698651894997,base,ai
2014,30060,female,140.89565037611743,210.01114246413297,base,ai
2014,30060,male,138.15425114708228,267.0669101524065,base,ai
2014,30060,total,224.17501753975353,310.30089936688324,base,ai
2014,30420,female,79.7584892493372,233.8053616987008,base,ai
2014,30420,male,71.7388248118749,165.29361234689716,base,ai
2014,30420,total,138.7960460276593,284.7581985742457,base,ai
2016,10110,female,133.095217934621,730.1690761612474,base,ai
2016,10110,male,50.07229448236447,252.09468310468856,base,ai
2016,10110,total,128.04154170162806,586.587672704339,base,ai
2016,21720,female,99.31552673932426,692.0984144729974,base,ai
2016,21720,male,107.50399598830198,793.4057734868233,base,ai
2016,21720,total,147.3470326509528,1137.8906058218656,base,ai
2016,21740,female,51.01110334951596,134.42873754974448,base,ai
2016,21740,male,18.646031459843098,67.84165798246636,base,ai
2016,21740,total,33.37016676975626,113.1289984924515,base,ai
2016,21921,female,23.05894823832213,70.8413664656089,base,ai
2016,21921,male,32.08707099789112,73.76406518194194,base,ai
2016,21921,total,37.84972668856144,87.16691657855216,base,ai
2016,30060,female,198.4256063694686,814.8384563405682,base,ai
2016,30060,male,265.4507400907722,859.6226972999385,base,ai
2016,30060,total,432.9964199552642,1188.557076800716,base,ai
2016,30420,female,148.53034232737892,263.22240533907177,base,ai
2016,30420,male,67.93113963945054,208.04436468785013,base,ai
2016,30420,total,210.51161204385176,291.2555577574982,base,ai
2018,10110,female,130.54806933266488,1007.0862626290378,base,ai
2018,10110,male,95.97151971784632,474.0140324156154,base,ai
2018,10110,total,192.1303986249706,1188.4014729249122,base,ai
2018,21720,female,131.26032822401916,676.8951649243974,base,ai
2018,21720,male,120.82850948301596,581.1062112697721,base,ai
2018,21720,total,192.1061687988191,1028.6477892218468,base,ai
2018,21740,female,102.73873689692682,304.6309084095659,base,ai
2018,21740,male,56.671831025484614,172.01305937308504,base,ai
2018,21740,total,93.75763916244904,315.3009694191355,base,ai
2018,21921,female,91.06386311152508,111.17351067628456,base,ai
2018,21921,male,95.59877066234148,131.92105035677298,base,ai
2018,21921,total,128.0975452426321,155.16253337185992,base,ai
2018,30060,female,161.6369129079761,561.389791542466,base,ai
2018,30060,male,227.34819218728583,875.1176360832189,base,ai
2018,30060,total,374.6142352184812,1186.8058000595825,base,ai
2018,30420,female,150.7720461855688,292.94036705218605,base,ai
2018,30420,male,86.39242433556016,321.1137246656323,base,ai
2018,30420,total,237.0738729082473,409.0641583937267,base,ai
2018,10110,female,322.38837625779627,913.6595803414413,t50,bs
2018,10110,male,79.59584564780559,424.1303186243997,t50,bs
2018,10110,total,332.5986170792086,1217.7038052359749,t50,bs
2018,10112,female,119.59337244181351,405.35327278710577,t50,bs
2018,10112,male,99.91820949160692,382.3920511213634,t50,bs
2018,10112,total,200.8909311067693,728.5610172366751,t50,bs
2018,10115,female,38.35659192544264,89.36586766540631,t50,bs
2018,10115,male,21.816064521041135,43.590428193960776,t50,bs
2018,10115,total,63.27012559463319,138.014656599329,t50,bs
2018,10130,female,169.35517870700332,731.5142968899631,t50,bs
2018,10130,male,187.21040512320965,612.644220287016,t50,bs
2018,10130,total,350.5913404659969,1256.9217408915006,t50,bs
2018,10210,female,193.20777086536367,1267.6170016247586,t50,bs
2018,10210,male,133.69758685271515,827.3200665814089,t50,bs
2018,10210,total,311.04435270421845,418.9555538984644,t50,bs
2018,10261,female,124.880676060201,564.9739322344503,t50,bs
2018,10261,male,88.41476805384332,546.1759230977883,t50,bs
2018,10261,total,200.6952665199007,915.8518665677916,t50,bs
2018,10285,female,100.10395847120913,850.1352440415475,t50,bs
2018,10285,male,56.70421551075359,798.4855329875107,t50,bs
2018,10285,total,134.61820391546027,1378.5791282814353,t50,bs
2018,21720,female,244.56777744433407,982.284671875898,t50,bs
2018,21720,male,225.3698302298374,959.8381583905082,t50,bs
2018,21720,total,324.1518172886461,1795.5892006969807,t50,bs
2018,21740,female,172.90425800031335,401.9825590998165,t50,bs
2018,21740,male,205.29252513475845,463.57784906235565,t50,bs
2018,21740,total,249.91600406409984,742.2564870173559,t50,bs
2019,10110,female,218.9415473781401,1072.974450108411,t50,bs
2019,10110,male,106.82235335736064,505.7194493486502,t50,bs
2019,10110,total,308.59479343529824,1491.223788821064,t50,bs
2019,10112,female,97.85461975145466,305.76323436659516,t50,bs
2019,10112,male,86.17566374207193,263.8731013372173,t50,bs
2019,10112,total,184.1141675617699,517.5644497310702,t50,bs
2019,10115,female,28.560917624764848,66.0097093680115,t50,bs
2019,10115,male,7.886099036387052,21.02183798009649,t50,bs
2019,10115,total,35.54019167221136,89.50675651456741,t50,bs
2019,10130,female,171.2795022276525,825.0781519125366,t50,bs
2019,10130,male,168.42701152851566,670.3313627588878,t50,bs
2019,10130,total,297.03248594036444,1374.1122851487285,t50,bs
2019,10210,female,193.01732550407775,735.4952668814609,t50,bs
2019,10210,male,136.04757221077506,455.1224783217682,t50,bs
2019,10210,total,297.3852836981455,1030.0555868030804,t50,bs
2019,10261,female,104.49032107321854,652.4194191093916,t50,bs
2019,10261,male,93.47146561332814,552.1171374910207,t50,bs
2019,10261,total,196.648174820035,1240.434035583061,t50,bs
2019,10285,female,125.0023797724532,773.1384091806658,t50,bs
2019,10285,male,63.838725533139026,570.7342563664963,t50,bs
2019,10285,total,156.0681403250753,1147.494134461185,t50,bs
2019,21720,female,215.45546919331036,478.0981134094764,t50,bs
2019,21720,male,210.11826044298203,374.1493950000316,t50,bs
2019,21720,total,256.93693675932747,726.2403258217214,t50,bs
2019,21740,female,296.1936474900763,964.6436059399124,t50,bs
2019,21740,male,316.278670196168,990.8607742975177,t50,bs
2019,21740,total,415.3599962810859,1452.0355762969589,t50,bs
2021,10110,female,215.8865975699328,982.637107176242,t50,bs
2021,10110,male,59.31980490478909,513.8444441569739,t50,bs
2021,10110,total,222.55175981582843,1394.685989229166,t50,bs
2021,10112,female,104.08017142733593,294.8289231599462,t50,bs
2021,10112,male,84.29751752382505,273.11163582008805,t50,bs
2021,10112,total,168.04962088146155,550.8900542042828,t50,bs
2021,10115,female,29.40081346238919,43.988715708361,t50,bs
2021,10115,total,34.114851433741855,56.367582814527204,t50,bs
2021,10130,female,212.20451114010052,745.7036993514508,t50,bs
2021,10130,male,174.96677188889757,742.131305810658,t50,bs
2021,10130,total,297.31399134176195,1374.2804177971711,t50,bs
2021,10210,female,127.28787528356558,591.2131043879826,t50,bs
2021,10210,male,112.6797060850894,442.34997008879,t50,bs
2021,10210,total,215.12042036757828,808.6214091314583,t50,bs
2021,10261,female,124.33246940812364,673.2965837512936,t50,bs
2021,10261,male,139.75460525241743,577.9448590695401,t50,bs
2021,10261,total,259.8856168694933,1135.2120725848165,t50,bs
2021,21720,female,252.55178111722176,831.0282438936299,t50,bs
2021,21720,male,232.8932860484444,734.6982474265569,t50,bs
2021,21720,total,330.7816804086572,1366.4747992861735,t50,bs
2021,21740,female,202.03550824458685,707.4755646823022,t50,bs
2021,21740,male,200.36180641249516,707.923926266799,t50,bs
2021,21740,total,313.90189128944644,1192.4174455266982,t50,bs
2022,21740,female,267.81033758801607,701.2772660643798,t50,bs
2022,21740,male,267.4795906421859,773.7633216843404,t50,bs
2022,21740,total,439.3786915940511,1222.0332961058623,t50,bs
2018,10110,female,337.5976552509176,1240.9109768124672,t100,bs
2018,10110,male,92.96669364774948,632.5696041915944,t100,bs
2018,10110,total,367.6496875320832,1661.3340704475006,t100,bs
2018,10112,female,119.90781962120688,407.0018345755258,t100,bs
2018,10112,male,98.4389065694428,401.9747135098632,t100,bs
2018,10112,total,198.70329742525644,740.504714514066,t100,bs
2018,10115,female,40.41124429541116,89.80591269633709,t100,bs
2018,10115,male,22.48096386089945,45.43619028148066,t100,bs
2018,10115,total,65.85548413698203,138.0400292468572,t100,bs
2018,10130,female,178.74283447437395,1127.3939005430518,t100,bs
2018,10130,male,199.71510387654212,936.396777996453,t100,bs
2018,10130,total,368.8547443084679,1775.9793239796966,t100,bs
2018,10210,female,205.13618314714404,1981.8134097686411,t100,bs
2018,10210,male,134.1559659173503,1200.2646614093758,t100,bs
2018,10210,total,316.96455630260374,455.07352342263806,t100,bs
2018,10261,female,128.7135014441944,766.6887929123628,t100,bs
2018,10261,male,96.00438357652206,754.1130645021778,t100,bs
2018,10261,total,208.64744612406423,1086.6887289825406,t100,bs
2018,10285,female,100.11488926546834,1185.0099698450288,t100,bs
2018,10285,male,53.80325386348488,1075.3569049238636,t100,bs
2018,10285,total,130.46521323326297,1788.7060391701762,t100,bs
2018,21720,female,262.3080168744953,1346.8934200257318,t100,bs
2018,21720,male,235.7335668879256,1318.1291174651203,t100,bs
2018,21720,total,341.77056028022685,2372.5907550166335,t100,bs
2018,21740,female,179.86583650299016,582.819410257491,t100,bs
2018,21740,male,204.42786819785235,629.0008562432257,t100,bs
2018,21740,total,239.171145201502,902.8630033603048,t100,bs
2019,10110,female,230.0480144872276,1632.1706945754902,t100,bs
2019,10110,male,119.93045505586883,819.2389236145173,t100,bs
2019,10110,total,322.9097268825033,2264.1775137638256,t100,bs
2019,10112,female,100.65525859707613,339.2844093919508,t100,bs
2019,10112,male,86.51427059337598,295.73206878905415,t100,bs
2019,10112,total,187.03365205052424,572.0176924343701,t100,bs
2019,10115,female,27.60786896505697,64.22732669712993,t100,bs
2019,10115,male,8.422830116447752,20.55345079897471,t100,bs
2019,10115,total,35.03605272056913,87.49422112966768,t100,bs
2019,10130,female,169.41738838735483,1092.604208578416,t100,bs
2019,10130,male,162.2794390970387,822.6331156381203,t100,bs
2019,10130,total,287.3055350054996,1644.851574513619,t100,bs
2019,10210,female,194.31138898008433,1179.436954601126,t100,bs
2019,10210,male,141.10818510396243,662.9813719551273,t100,bs
2019,10210,total,300.91370639131316,1472.8287658468914,t100,bs
2019,10261,female,111.03885735482542,1002.6956516713374,t100,bs
2019,10261,male,90.02109892309738,878.1439464803028,t100,bs
2019,10261,total,202.38515749876936,1796.53102341268,t100,bs
2019,10285,female,124.5463297102779,1009.433443438288,t100,bs
2019,10285,male,66.50930188446533,771.0424119452448,t100,bs
2019,10285,total,163.62036552008013,1407.4697631200102,t100,bs
2019,21720,female,225.28902688631555,684.7667800161637,t100,bs
2019,21720,male,230.93348634116077,553.8813306404508,t100,bs
2019,21720,total,266.7690409826917,978.7907205545392,t100,bs
2019,21740,female,302.84149539539817,1529.0560372138032,t100,bs
2019,21740,male,317.98734954636336,1504.7362782597354,t100,bs
2019,21740,total,414.4460560226941,1872.858424597106,t100,bs
2021,10110,female,214.1137781520524,1490.3038970949715,t100,bs
2021,10110,male,63.79826875595754,772.0880516629189,t100,bs
2021,10110,total,222.0627463664984,2002.2028973673523,t100,bs
2021,10112,female,96.46739206140631,313.66483467542355,t100,bs
2021,10112,male,85.54558298387661,290.7570252632838,t100,bs
2021,10112,total,159.9153236836205,584.7690970318233,t100,bs
2021,10115,female,27.945273855467786,44.38077184788039,t100,bs
2021,10115,total,33.257749758815066,57.68607084343572,t100,bs
2021,10130,female,212.83231072111985,1056.012442554328,t100,bs
2021,10130,male,181.08610566675992,1067.833612780158,t100,bs
2021,10130,total,308.74613538682195,1844.946099851088,t100,bs
2021,10210,female,130.09523202409704,871.3823106562099,t100,bs
2021,10210,male,115.0038173751366,633.2290264703305,t100,bs
2021,10210,total,213.52316958428696,1090.8771172000968,t100,bs
2021,10261,female,134.5986420586726,999.0333834166032,t100,bs
2021,10261,male,139.3139321103907,869.004453102311,t100,bs
2021,10261,total,273.50523399102525,1615.494990257461,t100,bs
2021,21720,female,283.30622034509673,1056.8366711540373,t100,bs
2021,21720,male,250.32415771092116,908.252413526758,t100,bs
2021,21720,total,359.9271725003041,1677.4482931062728,t100,bs
2021,21740,female,211.05948965135937,1043.1086362322603,t100,bs
2021,21740,male,214.04028847348985,997.1673701622184,t100,bs
2021,21740,total,337.5491002516341,1564.6317822693566,t100,bs
2022,21740,female,266.0771926597747,956.0344643656566,t100,bs
2022,21740,male,260.9058591886855,1120.84121309353,t100,bs
2022,21740,total,434.95112371200935,1545.65294930014,t100,bs
2018,10110,female,317.2478492332669,1394.6607135010356,t150,bs
2018,10110,male,97.3286206080641,727.7678815426755,t150,bs
2018,10110,total,353.8214690217047,1813.1912874092477,t150,bs
2018,10112,female,123.29432944372516,434.94987851068134,t150,bs
2018,10112,male,110.16403349063418,421.433286755206,t150,bs
2018,10112,total,213.6694668207205,799.3695570022638,t150,bs
2018,10115,female,39.98770995947173,89.78053991925039,t150,bs
2018,10115,male,23.721469328328077,45.88771639179953,t150,bs
2018,10115,total,66.09530282420302,138.66326993328047,t150,bs
2018,10130,female,177.50265259582292,1276.5519828902836,t150,bs
2018,10130,male,209.4752164191386,1088.0551600432948,t150,bs
2018,10130,total,369.3378572729334,1926.162591242747,t150,bs
2018,10210,female,205.4695711989886,2264.067652645506,t150,bs
2018,10210,male,134.18988138536287,1375.1602026913145,t150,bs
2018,10210,total,317.8378968715311,485.1672089943403,t150,bs
2018,10261,female,130.25132054283398,876.9079745502323,t150,bs
2018,10261,male,93.69592881136144,847.9166452413775,t150,bs
2018,10261,total,201.25644764568972,1198.193301222423,t150,bs
2018,10285,female,101.14586558945882,1321.617494467367,t150,bs
2018,10285,male,54.81867334808972,1240.177693331764,t150,bs
2018,10285,total,132.48471645659944,1915.7188376175063,t150,bs
2018,21720,female,277.85328399623637,1492.3031713142066,t150,bs
2018,21720,male,244.74422601812947,1494.3611426370442,t150,bs
2018,21720,total,354.57319717200556,2612.4085625185653,t150,bs
2018,21740,female,183.863422390243,719.6895391786176,t150,bs
2018,21740,male,223.2848854549349,787.07795332659,t150,bs
2018,21740,total,262.78162777444174,1078.9680132753117,t150,bs
2019,10110,female,224.47796627347063,1938.3564888384292,t150,bs
2019,10110,male,112.80352770147468,969.8421588297596,t150,bs
2019,10110,total,304.24609771130156,2670.5127698643705,t150,bs
2019,10112,female,104.9052217546226,341.21626858744514,t150,bs
2019,10112,male,90.85670215643104,302.4034647404751,t150,bs
2019,10112,total,190.5106020110492,570.6347416242426,t150,bs
2019,10115,female,29.057661593273775,65.37531890823647,t150,bs
2019,10115,total,36.08910955779396,87.09402216716728,t150,bs
2019,10130,female,172.63324316391066,1338.8376660537876,t150,bs
2019,10130,male,178.917750031626,994.4529144344888,t150,bs
2019,10130,total,299.054874862405,1979.6974268574825,t150,bs
2019,10210,female,190.4927833790432,1377.4096678727376,t150,bs
2019,10210,male,138.70679811200597,803.4110305878287,t150,bs
2019,10210,total,294.65727784545135,1719.839822893552,t150,bs
2019,10261,female,107.17369661285068,1081.6252314901797,t150,bs
2019,10261,male,94.6203754396543,1032.500704658297,t150,bs
2019,10261,total,192.98603367221153,2013.523909247081,t150,bs
2019,10285,female,125.77923146304911,1119.3959091830611,t150,bs
2019,10285,male,66.97841592545763,871.7459443337226,t150,bs
2019,10285,total,162.16037438661374,1598.465130508614,t150,bs
2019,21720,female,222.1522450637021,774.627293803613,t150,bs
2019,21720,male,225.53944333481908,597.4170684864339,t150,bs
2019,21720,total,258.1539886762003,1052.9116082554835,t150,bs
2019,21740,female,331.2177324400152,1908.406574181085,t150,bs
2019,21740,male,333.66082208317766,1843.5267222058244,t150,bs
2019,21740,total,428.7752516286552,2135.899674565182,t150,bs
2021,10110,female,220.3829567406867,1744.0054426497757,t150,bs
2021,10110,male,68.01472136531515,891.931277558248,t150,bs
2021,10110,total,228.64131557100953,2305.5371081908374,t150,bs
2021,10112,female,96.691970704945,307.18691726582335,t150,bs
2021,10112,male,85.8836291345673,298.73638314382805,t150,bs
2021,10112,total,162.1602260696146,582.0436491755638,t150,bs
2021,10115,female,27.42140032546771,45.325837591758486,t150,bs
2021,10115,total,31.957529477009167,57.9066464414852,t150,bs
2021,10130,female,213.43914358830813,1187.5419976239457,t150,bs
2021,10130,male,174.86211644840964,1224.9436685471462,t150,bs
2021,10130,total,307.5076010196018,2080.2249162059857,t150,bs
2021,10210,female,129.7272190123312,952.191171602754,t150,bs
2021,10210,male,118.39505809038256,706.7053407378968,t150,bs
2021,10210,total,223.09480621343116,1166.3553741909,t150,bs
2021,10261,female,124.0559544530607,1162.123978614948,t150,bs
2021,10261,male,142.87799963238766,1029.8135935576315,t150,bs
2021,10261,total,265.80723498548053,1868.598712013762,t150,bs
2021,21720,female,253.72888392243053,1075.162750568705,t150,bs
2021,21720,male,238.06542516533688,922.057421875194,t150,bs
2021,21720,total,332.8423946376152,1666.5748126859944,t150,bs
2021,21740,female,220.78032598678868,1257.959754602942,t150,bs
2021,21740,male,227.13133585446093,1215.9844766930328,t150,bs
2021,21740,total,356.2703820550452,1769.777871549157,t150,bs
2022,21740,female,258.99135251977356,1141.5686423973882,t150,bs
2022,21740,male,277.9234065151499,1314.6008368027035,t150,bs
2022,21740,total,427.8365036003662,1693.850765390907,t150,bs
2018,10110,female,330.073418866253,1424.8352703138642,t200,bs
2018,10110,male,91.06793664147264,802.1061064417303,t200,bs
2018,10110,total,362.48286393195207,1902.657611811171,t200,bs
2018,10112,female,120.02243847355666,429.4269715294003,t200,bs
2018,10112,male,103.5325484115177,417.2671548892498,t200,bs
2018,10112,total,199.58633022734975,782.9634211065076,t200,bs
2018,10115,female,40.84886003834399,92.05620076954322,t200,bs
2018,10115,male,22.653710994441123,46.055559835984354,t200,bs
2018,10115,total,69.7139960005498,140.84016317694278,t200,bs
2018,10130,female,183.51522635535156,1423.7066881445164,t200,bs
2018,10130,male,205.61216647304295,1159.2970564453249,t200,bs
2018,10130,total,366.2445610244843,2102.138702766477,t200,bs
2018,10210,female,198.84009648312937,2436.813050184263,t200,bs
2018,10210,male,127.63453770997762,1484.4500015545273,t200,bs
2018,10210,total,307.33618213136396,379.9762047471365,t200,bs
2018,10261,female,124.00335773457049,939.4418762795796,t200,bs
2018,10261,male,89.84573173424788,928.026000848128,t200,bs
2018,10261,total,198.10783821341224,1288.0255392694114,t200,bs
2018,10285,female,98.8297387768689,1385.440022191359,t200,bs
2018,10285,male,51.9737688945205,1260.8836424725173,t200,bs
2018,10285,total,128.00901190463608,1944.8595125952447,t200,bs
2018,21720,female,276.6009588241514,1605.882857705388,t200,bs
2018,21720,male,248.00246998950857,1601.9195250174632,t200,bs
2018,21720,total,356.8510300909498,2836.877434401504,t200,bs
2018,21740,female,182.55050010889784,786.6714156749142,t200,bs
2018,21740,male,207.3362001212648,791.6751973770303,t200,bs
2018,21740,total,244.88342401913525,1066.5734493729517,t200,bs
2019,10110,female,233.6749898591219,2118.550441047213,t200,bs
2019,10110,male,112.84651536820692,1117.9571624920272,t200,bs
2019,10110,total,319.5422953141752,2963.826162735544,t200,bs
2019,10112,female,99.09673060305678,345.630180898201,t200,bs
2019,10112,male,81.50456937339241,300.394881782391,t200,bs
2019,10112,total,175.12354962322036,586.1380440539481,t200,bs
2019,10115,female,27.11956959343736,67.38040432853659,t200,bs
2019,10115,male,8.327024365575229,21.84324803577474,t200,bs
2019,10115,total,35.20873272110905,90.45770902398696,t200,bs
2019,10130,female,178.3390930864231,1418.364872007083,t200,bs
2019,10130,male,180.3786416265702,1063.6355693343803,t200,bs
2019,10130,total,310.2882834699463,2090.4140907860888,t200,bs
2019,10210,female,196.70123362873463,1491.8907310330396,t200,bs
2019,10210,male,140.64824994899658,875.6319595860822,t200,bs
2019,10210,total,303.83080162374415,1826.5905721443469,t200,bs
2019,10261,female,108.5060117104326,1261.4909142714953,t200,bs
2019,10261,male,93.47109662409352,1096.8155980978345,t200,bs
2019,10261,total,201.6547561644932,2160.808960362052,t200,bs
2019,10285,female,122.87793562854432,1148.5179753222858,t200,bs
2019,10285,male,62.72416106300676,896.8163761031126,t200,bs
2019,10285,total,154.6748158314448,1594.1184444278074,t200,bs
2019,21720,female,237.99453808141047,819.067314832028,t200,bs
2019,21720,male,240.4463420361572,612.6181830374345,t200,bs
2019,21720,total,278.75832056632805,1068.5647494919929,t200,bs
2019,21740,female,307.30624118826717,2053.4948094907695,t200,bs
2019,21740,male,331.9052871820662,1942.3231753202583,t200,bs
2019,21740,total,410.2987319778051,2127.466487607729,t200,bs
2021,10110,female,210.18053901683265,1890.9461817707092,t200,bs
2021,10110,male,66.01593401757228,1006.0667576383148,t200,bs
2021,10110,total,221.7591428782244,2483.977517741147,t200,bs
2021,10112,female,102.6256472858286,308.9478576831803,t200,bs
2021,10112,male,86.660846189692,296.84327637754427,t200,bs
2021,10112,total,162.61133859497187,588.6158437633133,t200,bs
2021,10115,female,28.132392712751507,43.82307919705793,t200,bs
2021,10115,total,33.1705254257508,56.78549158672042,t200,bs
2021,10130,female,217.6853272974417,1240.7273405034532,t200,bs
2021,10130,male,177.5672989798035,1212.8618795874547,t200,bs
2021,10130,total,310.5751784553707,2076.565274420609,t200,bs
2021,10210,female,137.25202624018902,973.4856727348229,t200,bs
2021,10210,male,120.68862659286827,744.8777168196501,t200,bs
2021,10210,total,233.64809042359337,1170.854451914449,t200,bs
2021,10261,female,130.8060177588433,1255.8037914832223,t200,bs
2021,10261,male,141.42966435419825,1071.7189254874493,t200,bs
2021,10261,total,269.28141799295,1902.4545026612152,t200,bs
2021,21720,female,294.7521353017622,1347.8210497677746,t200,bs
2021,21720,male,279.0507347681259,1206.1354778142406,t200,bs
2021,21720,total,401.11979089406617,2132.2129707839354,t200,bs
2021,21740,female,221.04334506827615,1424.9468396172213,t200,bs
2021,21740,male,231.9379560598337,1329.6992137218351,t200,bs
2021,21740,total,358.25551247705033,1932.522355414275,t200,bs
2022,21740,female,273.746094798329,1237.5563252026843,t200,bs
2022,21740,male,251.29110400497103,1415.4552943346644,t200,bs
2022,21740,total,415.4169738191682,1781.1122428267622,t200,bs
2018,10110,female,326.39851118121254,1548.3754127587465,t250,bs
2018,10110,male,92.03360857277082,839.308916286837,t250,bs
2018,10110,total,353.52374163439833,2018.7113821634791,t250,bs
2018,10112,female,119.31089078759462,429.35537672042466,t250,bs
2018,10112,male,98.90362151466049,403.0853310707204,t250,bs
2018,10112,total,199.01963164552205,772.350433664484,t250,bs
2018,10115,female,39.93842650044197,89.04427860565505,t250,bs
2018,10115,male,21.931810368513545,45.52224850351935,t250,bs
2018,10115,total,67.86224833332696,138.0479316992192,t250,bs
2018,10130,female,184.2023442027605,1458.8347063753972,t250,bs
2018,10130,male,209.24269016556573,1186.8744530873466,t250,bs
2018,10130,total,384.24728913260833,2113.1201942614784,t250,bs
2018,10210,female,198.48786027923688,2663.6711361146067,t250,bs
2018,10210,male,137.301742998016,1631.6805396464915,t250,bs
2018,10210,total,311.20642219191666,466.1229647722777,t250,bs
2018,10261,female,130.71156467586238,1022.1555079251376,t250,bs
2018,10261,male,90.60586272433926,1031.083904835,t250,bs
2018,10261,total,202.10037363647123,1373.7997353467454,t250,bs
2018,10285,female,100.11045481301036,1424.264628999647,t250,bs
2018,10285,male,56.110078522770465,1321.2012823963112,t250,bs
2018,10285,total,133.79538000786224,1983.397833448709,t250,bs
2018,21720,female,261.86292722828557,1642.7519978003331,t250,bs
2018,21720,male,239.0465685919619,1615.8464655806456,t250,bs
2018,21720,total,339.40948033542224,2837.5030071507986,t250,bs
2018,21740,female,187.99604587418963,817.5441380693811,t250,bs
2018,21740,male,206.87887131449608,857.7008767373569,t250,bs
2018,21740,total,253.0895243801068,1118.1318368584489,t250,bs
2019,10110,female,236.1316264893098,2235.5867772657307,t250,bs
2019,10110,male,120.78492376394314,1120.0568019629868,t250,bs
2019,10110,total,308.8596172794651,2991.114143342673,t250,bs
2019,10112,female,106.64243435675816,350.3063213451782,t250,bs
2019,10112,male,85.40486028031418,307.0601366471251,t250,bs
2019,10112,total,190.53385236643163,586.0600139590028,t250,bs
2019,10115,female,26.621280520144193,67.71055160649095,t250,bs
2019,10115,male,8.429782687718602,21.838911017779925,t250,bs
2019,10115,total,33.78970362245407,91.4325024861858,t250,bs
2019,10130,female,181.38154481942288,1528.3184667704882,t250,bs
2019,10130,male,176.90339380679157,1157.9105466696844,t250,bs
2019,10130,total,313.8446912340901,2221.225079885991,t250,bs
2019,10210,female,197.87587677150393,1573.6307400243288,t250,bs
2019,10210,male,137.15668094176132,913.8530122322542,t250,bs
2019,10210,total,308.28275395769447,1876.7179676354583,t250,bs
2019,10261,female,101.1618302242445,1300.1557824175504,t250,bs
2019,10261,male,90.01518720759911,1153.14435539034,t250,bs
2019,10261,total,177.21401016294075,2233.798248756399,t250,bs
2019,10285,female,126.72834580092356,1196.030409978358,t250,bs
2019,10285,male,67.59999319784811,900.1713462492224,t250,bs
2019,10285,total,165.22039554699677,1612.7062291990885,t250,bs
2019,21720,female,232.64897776502113,830.9834360159384,t250,bs
2019,21720,male,242.17539785808836,611.2543192507694,t250,bs
2019,21720,total,275.41726653071515,1057.3766938985466,t250,bs
2019,21740,female,315.7986550492038,2388.27873915667,t250,bs
2019,21740,male,333.0102294208976,2213.8662404593792,t250,bs
2019,21740,total,419.08647212896466,2321.324213814519,t250,bs
2021,10110,female,225.85313991254665,1962.9920403084911,t250,bs
2021,10110,male,67.55875822330424,1004.7752830542814,t250,bs
2021,10110,total,241.14441447780203,2523.07687480244,t250,bs
2021,10112,female,104.81631419718248,320.31650525640015,t250,bs
2021,10112,male,91.81262272648443,300.15344936458126,t250,bs
2021,10112,total,171.66896883071314,599.7198376704117,t250,bs
2021,10115,female,28.957750312546683,44.21899126555548,t250,bs
2021,10115,total,33.692634584254264,57.81722353794465,t250,bs
2021,10130,female,209.3236231799483,1252.4042884883547,t250,bs
2021,10130,male,186.97886352111212,1303.0666816569867,t250,bs
2021,10130,total,311.38733522499933,2142.2553711875353,t250,bs
2021,10210,female,133.0245588070782,1010.3675688656205,t250,bs
2021,10210,male,119.28579330573892,762.3278861527591,t250,bs
2021,10210,total,229.04165110725785,1206.1289324794657,t250,bs
2021,10261,female,132.7863695639141,1295.1006575861222,t250,bs
2021,10261,male,134.25292672556387,1098.592066788547,t250,bs
2021,10261,total,254.2447096611075,1925.579139753984,t250,bs
2021,21720,female,282.01232175718974,1247.3982337142684,t250,bs
2021,21720,male,283.617726334125,1234.6843051719825,t250,bs
2021,21720,total,385.1877618112627,2055.6547379043063,t250,bs
2021,21740,female,223.1254025792447,1482.7655386908875,t250,bs
2021,21740,male,239.8363880207323,1353.842433952024,t250,bs
2021,21740,total,370.30641134561665,1931.268289515923,t250,bs
2022,21740,female,265.64885423150685,1286.202943918477,t250,bs
2022,21740,male,290.2128863296711,1470.7370820265814,t250,bs
2022,21740,total,453.4720472432241,1828.5682553558388,t250,bs
2018,10110,female,343.7462151942715,1547.7967464104286,base,bs
2018,10110,male,88.9502935875255,858.4806477900075,base,bs
2018,10110,total,361.7570564980107,2038.1841279419612,base,bs
2018,10112,female,119.8533264472001,425.0198890537011,base,bs
2018,10112,male,104.76764870877372,412.26230963402406,base,bs
2018,10112,total,202.12279572468984,779.3577785829606,base,bs
2018,10115,female,36.834407153761006,89.70400168720529,base,bs
2018,10115,male,22.807013671695167,46.04000453593821,base,bs
2018,10115,total,61.897097145350976,140.00980951323504,base,bs
2018,10130,female,183.28051205754645,1464.0316288608865,base,bs
2018,10130,male,207.4128535763085,1123.6183574028182,base,bs
2018,10130,total,376.4645816490498,2002.9354519019753,base,bs
2018,10210,female,192.3612089878827,2790.633275518311,base,bs
2018,10210,male,132.81343967147183,1692.1391219922205,base,bs
2018,10210,total,314.1817606683152,423.6505959085635,base,bs
2018,10261,female,128.20533228805388,1010.0739770122542,base,bs
2018,10261,male,90.10467353659548,1001.7107358952732,base,bs
2018,10261,total,204.48288586070143,1340.2460549916948,base,bs
2018,10285,female,98.1534837457356,1407.5015518663015,base,bs
2018,10285,male,54.61124981666634,1304.8784833530435,base,bs
2018,10285,total,132.55333142022815,1967.8230544709645,base,bs
2018,21720,female,265.2884513510187,1733.2037332218292,base,bs
2018,21720,male,245.48622665101948,1711.89414514826,base,bs
2018,21720,total,346.2486420527869,3008.783804339924,base,bs
2018,21740,female,180.01242262447025,982.9903239688,base,bs
2018,21740,male,215.49971437328765,983.5090329534996,base,bs
2018,21740,total,259.79037379677857,1255.8357198493868,base,bs
2019,10110,female,246.27946703362375,2325.152440652635,base,bs
2019,10110,male,112.95656665161503,1255.6482619438996,base,bs
2019,10110,total,338.9019545190659,3218.9571485202346,base,bs
2019,10112,female,109.983411550664,348.47546426906877,base,bs
2019,10112,male,85.33979546041071,317.1658719517847,base,bs
2019,10112,total,193.92609328427125,603.791991431638,base,bs
2019,10115,female,27.991868122114152,66.57314689977653,base,bs
2019,10115,male,7.269938699786907,20.331844045236323,base,bs
2019,10115,total,35.77078364957499,88.72651757398026,base,bs
2019,10130,female,175.31663714101828,1527.1815610989047,base,bs
2019,10130,male,178.69151901366484,1108.422234594029,base,bs
2019,10130,total,310.585282203636,2176.747011799136,base,bs
2019,10210,female,196.0369910730629,1720.4002679114344,base,bs
2019,10210,male,139.68038415187908,974.1768370101598,base,bs
2019,10210,total,297.70338518856187,1984.508949134756,base,bs
2019,10261,female,112.82731665827396,1402.5320020217232,base,bs
2019,10261,male,103.97885626557463,1293.618279798162,base,bs
2019,10261,total,214.5577681808867,2393.9916740126087,base,bs
2019,10285,female,123.0784786298186,1155.8370028744444,base,bs
2019,10285,male,63.92862471574961,893.4513280528895,base,bs
2019,10285,total,155.8723185178872,1579.7865032598374,base,bs
2019,21720,female,242.37005668899045,1017.4123451758174,base,bs
2019,21720,male,266.5028109868892,717.229099247983,base,bs
2019,21720,total,294.64061977353305,1226.361136216313,base,bs
2019,21740,female,334.1001846578146,3160.772291630255,base,bs
2019,21740,male,338.71648357552124,2844.8865445005035,base,bs
2019,21740,total,416.4288084022066,2524.0505513131147,base,bs
2021,10110,female,216.50469137140385,1990.0370758557265,base,bs
2021,10110,male,66.14771790336133,1028.569777557804,base,bs
2021,10110,total,224.20933392836403,2596.487794517776,base,bs
2021,10112,female,109.6451007802544,318.53362701020063,base,bs
2021,10112,male,86.89837697630443,309.11844985101123,base,bs
2021,10112,total,175.9211980592841,611.0327200127631,base,bs
2021,10115,female,28.678310846046855,44.285468341257896,base,bs
2021,10115,total,32.97811545376905,57.23035319824949,base,bs
2021,10130,female,213.14619041647023,1314.8249766969989,base,bs
2021,10130,male,179.8699543811776,1342.9182216796837,base,bs
2021,10130,total,303.3390791657969,2262.867064608484,base,bs
2021,10210,female,133.7081104808285,1090.7293480440792,base,bs
2021,10210,male,121.4211889771348,791.1451029814517,base,bs
2021,10210,total,228.04502645558813,1278.7825688107723,base,bs
2021,10261,female,136.661060781323,1334.0981701111225,base,bs
2021,10261,male,140.22567518136103,1130.4480399261895,base,bs
2021,10261,total,267.9038218158674,1974.6158104034812,base,bs
2021,21720,female,278.7094505564463,1211.5684069738502,base,bs
2021,21720,male,262.31801266741246,1099.7520434330245,base,bs
2021,21720,total,361.517654734679,1915.2161360122668,base,bs
2021,21740,female,226.46343929049803,1744.6912391925423,base,bs
2021,21740,male,238.7673865195287,1495.7941593412063,base,bs
2021,21740,total,371.4832472640401,2093.2465166710435,base,bs
2022,21740,female,270.50938210824785,1544.301522053134,base,bs
2022,21740,male,267.9375240338917,1808.9647822568252,base,bs
2022,21740,total,440.94913008383656,2043.167491101616,base,bs
